Date,Price
2003-08-20,6.173687
2003-08-21,6.108378
2003-08-22,6.085327
2003-08-25,6.054593
2003-08-26,6.027701
2003-08-27,5.954707
2003-08-28,5.91629
2003-08-29,5.91629
2003-09-02,5.858664
2003-09-03,5.908606
2003-09-04,6.012334
2003-09-05,6.154477
2003-09-08,6.212104
2003-09-09,6.185212
2003-09-10,6.20058
2003-09-11,6.277415
2003-09-12,6.277415
2003-09-15,6.365775
2003-09-16,6.408035
2003-09-17,6.423401
2003-09-18,6.431084
2003-09-19,6.48871
2003-09-22,6.392665
2003-09-23,6.408035
2003-09-24,6.408035
2003-09-25,6.469501
2003-09-26,6.346567
2003-09-29,6.369616
2003-09-30,6.392665
2003-10-01,6.388824
2003-10-02,6.315832
2003-10-03,6.358092
2003-10-06,6.404191
2003-10-07,6.434926
2003-10-08,6.481028
2003-10-09,6.473344
2003-10-10,6.446452
2003-10-13,6.469501
2003-10-14,6.454134
2003-10-15,6.369616
2003-10-16,6.3773
2003-10-17,6.358092
2003-10-20,6.382677
2003-10-21,6.497162
2003-10-22,6.454134
2003-10-23,6.3773
2003-10-24,6.404191
2003-10-27,6.388824
2003-10-28,6.323516
2003-10-29,6.350409
2003-10-30,6.454134
2003-10-31,6.3773
2003-11-03,6.335041
2003-11-04,6.22363
2003-11-05,6.24668
2003-11-06,6.269731
2003-11-07,6.350409
2003-11-10,6.22363
2003-11-11,6.3773
2003-11-12,6.550179
2003-11-13,6.799893
2003-11-14,6.899776
2003-11-17,6.811418
2003-11-18,6.99198
2003-11-19,6.872886
2003-11-20,6.903619
2003-11-21,6.953563
2003-11-24,6.953563
2003-11-25,6.938197
2003-11-26,6.934353
2003-11-28,6.953563
2003-12-01,6.980454
2003-12-02,6.99198
2003-12-03,7.039617
2003-12-04,7.049605
2003-12-05,7.1687
2003-12-08,7.203277
2003-12-09,7.187909
2003-12-10,7.184067
2003-12-11,7.230167
2003-12-12,7.337739
2003-12-15,7.356945
2003-12-16,7.376155
2003-12-17,7.41457
2003-12-18,7.641235
2003-12-19,7.575926
2003-12-22,7.622026
2003-12-23,7.606659
2003-12-24,7.675811
2003-12-26,7.645075
2003-12-29,7.718069
2003-12-30,7.702703
2003-12-31,7.760329
2004-01-02,7.733439
2004-01-05,7.80643
2004-01-06,7.791061
2004-01-07,7.652761
2004-01-08,7.645075
2004-01-09,7.591292
2004-01-12,7.506774
2004-01-13,7.418415
2004-01-14,7.564399
2004-01-15,7.460672
2004-01-16,7.433779
2004-01-20,7.583609
2004-01-21,7.82564
2004-01-22,7.910157
2004-01-23,7.721911
2004-01-26,7.856372
2004-01-27,7.990834
2004-01-28,7.952415
2004-01-29,7.929364
2004-01-30,7.817954
2004-02-02,7.990834
2004-02-03,8.002358
2004-02-04,7.971626
2004-02-05,7.963942
2004-02-06,7.952415
2004-02-09,8.029251
2004-02-10,8.086876
2004-02-11,8.083035
2004-02-12,8.006201
2004-02-13,7.913998
2004-02-17,8.029251
2004-02-18,7.913998
2004-02-19,7.856372
2004-02-20,7.721911
2004-02-23,7.794903
2004-02-24,7.798746
2004-02-25,7.606659
2004-02-26,7.913998
2004-02-27,7.960099
2004-03-01,8.044616
2004-03-02,7.994675
2004-03-03,7.87558
2004-03-04,7.898633
2004-03-05,8.017727
2004-03-08,7.948575
2004-03-09,7.929364
2004-03-10,7.913998
2004-03-11,7.810271
2004-03-12,7.702703
2004-03-15,7.622026
2004-03-16,7.583609
2004-03-17,7.629709
2004-03-18,7.668128
2004-03-19,7.52214
2004-03-22,7.472197
2004-03-23,7.395364
2004-03-24,7.464515
2004-03-25,7.41457
2004-03-26,7.372312
2004-03-29,7.374618
2004-03-30,7.356945
2004-03-31,7.468357
2004-04-01,7.718838
2004-04-02,7.639698
2004-04-05,7.652761
2004-04-06,7.58745
2004-04-07,7.668128
2004-04-08,7.82948
2004-04-12,7.856372
2004-04-13,7.622026
2004-04-14,7.706546
2004-04-15,7.856372
2004-04-16,7.925525
2004-04-19,8.036935
2004-04-20,7.779537
2004-04-21,7.87558
2004-04-22,7.784149
2004-04-23,7.844846
2004-04-26,8.240546
2004-04-27,8.244388
2004-04-28,8.059985
2004-04-29,8.106087
2004-04-30,8.125295
2004-05-03,7.998518
2004-05-04,8.121452
2004-05-05,8.271282
2004-05-06,8.182922
2004-05-07,8.119916
2004-05-10,7.929364
2004-05-11,7.906316
2004-05-12,7.82948
2004-05-13,7.913998
2004-05-14,7.990834
2004-05-17,7.940892
2004-05-18,7.990834
2004-05-19,8.132977
2004-05-20,8.090719
2004-05-21,8.067671
2004-05-24,8.089179
2004-05-25,8.048459
2004-05-26,8.013885
2004-05-27,8.259755
2004-05-28,8.094562
2004-06-01,7.998518
2004-06-02,8.059985
2004-06-03,8.048459
2004-06-04,8.144503
2004-06-07,8.132977
2004-06-08,8.086876
2004-06-09,7.894791
2004-06-10,7.76417
2004-06-14,7.718069
2004-06-15,7.821797
2004-06-16,7.883266
2004-06-17,7.91784
2004-06-18,7.952415
2004-06-21,7.986991
2004-06-22,7.913998
2004-06-23,7.844846
2004-06-24,7.810271
2004-06-25,7.798746
2004-06-28,7.702703
2004-06-29,7.608196
2004-06-30,7.607427
2004-07-01,7.675811
2004-07-02,7.921683
2004-07-06,7.82948
2004-07-07,7.87558
2004-07-08,8.029251
2004-07-09,7.90401
2004-07-12,7.844846
2004-07-13,7.760329
2004-07-14,7.841006
2004-07-15,7.629709
2004-07-16,7.721911
2004-07-19,7.706546
2004-07-20,7.906316
2004-07-21,7.771853
2004-07-22,7.810271
2004-07-23,7.629709
2004-07-26,7.58745
2004-07-27,7.529823
2004-07-28,7.58745
2004-07-29,7.603585
2004-07-30,7.58745
2004-08-02,7.575926
2004-08-03,7.598975
2004-08-04,7.572083
2004-08-05,7.52214
2004-08-06,7.495249
2004-08-09,7.452989
2004-08-10,7.525981
2004-08-11,7.452989
2004-08-12,7.491407
2004-08-13,7.395364
2004-08-16,7.399203
2004-08-17,7.399203
2004-08-18,7.457599
2004-08-19,7.433779
2004-08-20,7.376155
2004-08-23,7.307002
2004-08-24,7.253219
2004-08-25,7.303162
2004-08-26,7.433779
2004-08-27,7.445304
2004-08-30,7.422255
2004-08-31,7.460672
2004-09-01,7.595134
2004-09-02,7.525981
2004-09-03,7.422255
2004-09-07,7.564399
2004-09-08,7.533666
2004-09-09,7.47988
2004-09-10,7.614341
2004-09-13,7.718069
2004-09-14,7.752645
2004-09-15,7.687334
2004-09-16,7.687334
2004-09-17,7.645075
2004-09-20,7.814113
2004-09-21,7.990834
2004-09-22,8.052302
2004-09-23,8.013885
2004-09-24,7.894791
2004-09-27,7.876349
2004-09-28,7.963942
2004-09-29,7.971626
2004-09-30,7.960099
2004-10-01,8.048459
2004-10-04,8.029251
2004-10-05,8.065363
2004-10-06,8.086876
2004-10-07,7.856372
2004-10-08,7.810271
2004-10-11,7.798746
2004-10-12,7.741122
2004-10-13,7.652761
2004-10-14,7.664285
2004-10-15,7.721911
2004-10-18,7.741122
2004-10-19,7.82564
2004-10-20,7.817954
2004-10-21,7.760329
2004-10-22,7.798746
2004-10-25,7.722681
2004-10-26,7.702703
2004-10-27,7.78722
2004-10-28,7.998518
2004-10-29,7.910157
2004-11-01,7.864057
2004-11-02,7.82564
2004-11-03,8.048459
2004-11-04,8.209813
2004-11-05,8.3558
2004-11-08,8.221338
2004-11-09,8.163713
2004-11-10,8.109928
2004-11-11,8.221338
2004-11-12,8.317381
2004-11-15,8.259755
2004-11-16,8.267439
2004-11-17,8.386534
2004-11-18,8.298173
2004-11-19,8.167555
2004-11-22,8.171395
2004-11-23,8.090719
2004-11-24,8.140661
2004-11-26,8.259755
2004-11-29,8.171395
2004-11-30,8.098404
2004-12-01,8.170626
2004-12-02,8.282807
2004-12-03,8.244388
2004-12-06,8.215193
2004-12-07,8.290488
2004-12-08,8.163713
2004-12-09,8.182922
2004-12-10,8.182922
2004-12-13,8.229023
2004-12-14,8.305855
2004-12-15,8.39806
2004-12-16,8.351957
2004-12-17,8.46721
2004-12-20,8.624722
2004-12-21,8.586306
2004-12-22,8.728451
2004-12-23,8.701558
2004-12-27,8.793759
2004-12-28,8.8437
2004-12-29,8.832175
2004-12-30,8.893644
2004-12-31,8.939744
2005-01-03,8.816808
2005-01-04,8.64393
2005-01-05,8.613196
2005-01-06,8.574778
2005-01-07,8.52868
2005-01-10,8.570938
2005-01-11,8.322762
2005-01-12,8.386534
2005-01-13,8.335054
2005-01-14,8.363482
2005-01-18,8.275121
2005-01-19,8.267439
2005-01-20,8.252071
2005-01-21,8.229023
2005-01-24,8.244388
2005-01-25,8.182922
2005-01-26,8.182922
2005-01-27,8.190605
2005-01-28,8.182922
2005-01-31,8.152187
2005-02-01,8.252071
2005-02-02,7.760329
2005-02-03,7.837164
2005-02-04,7.821797
2005-02-07,7.683494
2005-02-08,7.683494
2005-02-09,7.714226
2005-02-10,7.80643
2005-02-11,7.852531
2005-02-14,7.937049
2005-02-15,8.006201
2005-02-16,7.960099
2005-02-17,7.860215
2005-02-18,7.990834
2005-02-22,8.236704
2005-02-23,8.11377
2005-02-24,8.11377
2005-02-25,8.182922
2005-02-28,8.158564
2005-03-01,8.135139
2005-03-02,8.244443
2005-03-03,8.181984
2005-03-04,8.306899
2005-03-07,8.213211
2005-03-08,8.197599
2005-03-09,8.205404
2005-03-10,8.189791
2005-03-11,8.275671
2005-03-14,8.616067
2005-03-15,8.447429
2005-03-16,8.494275
2005-03-17,8.392779
2005-03-18,8.228827
2005-03-21,8.50208
2005-03-22,8.525502
2005-03-23,8.469291
2005-03-24,8.392779
2005-03-28,8.345935
2005-03-29,8.439621
2005-03-30,8.447429
2005-03-31,8.428692
2005-04-01,8.392779
2005-04-04,8.345935
2005-04-05,8.447429
2005-04-06,8.626997
2005-04-07,8.509888
2005-04-08,8.509888
2005-04-11,8.541117
2005-04-12,8.556733
2005-04-13,8.548924
2005-04-14,8.525502
2005-04-15,9.150081
2005-04-18,9.079816
2005-04-19,9.337456
2005-04-20,9.254697
2005-04-21,9.274997
2005-04-22,9.212541
2005-04-25,9.08294
2005-04-26,9.462371
2005-04-27,9.454564
2005-04-28,9.431142
2005-04-29,9.431142
2005-05-02,9.392107
2005-05-03,9.532636
2005-05-04,9.751239
2005-05-05,9.680973
2005-05-06,9.563864
2005-05-09,9.509214
2005-05-10,9.376492
2005-05-11,9.368682
2005-05-12,9.368682
2005-05-13,9.306226
2005-05-16,9.353069
2005-05-17,9.415527
2005-05-18,9.532636
2005-05-19,9.579478
2005-05-20,9.571671
2005-05-23,9.584166
2005-05-24,9.766852
2005-05-25,9.821504
2005-05-26,9.844927
2005-05-27,10.0323
2005-05-31,9.868349
2005-06-01,9.938612
2005-06-02,9.962033
2005-06-03,9.899575
2005-06-06,9.907383
2005-06-07,9.922997
2005-06-08,9.907383
2005-06-09,9.922997
2005-06-10,9.805889
2005-06-13,9.813697
2005-06-14,9.852732
2005-06-15,9.821504
2005-06-16,9.837117
2005-06-17,9.922997
2005-06-20,9.813697
2005-06-21,9.94642
2005-06-22,9.868349
2005-06-23,9.751239
2005-06-24,9.720011
2005-06-27,9.766852
2005-06-28,9.751239
2005-06-29,9.837117
2005-06-30,9.851171
2005-07-01,9.844927
2005-07-05,9.766852
2005-07-06,9.77466
2005-07-07,9.891768
2005-07-08,9.899575
2005-07-11,10.071336
2005-07-12,10.047914
2005-07-13,10.0323
2005-07-14,10.055721
2005-07-15,10.057283
2005-07-18,9.954226
2005-07-19,9.86054
2005-07-20,10.524156
2005-07-21,10.417974
2005-07-22,10.407045
2005-07-25,10.344588
2005-07-26,10.524156
2005-07-27,10.610036
2005-07-28,10.70372
2005-07-29,10.617843
2005-08-01,10.891095
2005-08-02,11.078468
2005-08-03,11.119064
2005-08-04,11.070664
2005-08-05,11.062855
2005-08-08,11.125312
2005-08-09,11.133121
2005-08-10,11.070664
2005-08-11,11.148736
2005-08-12,11.039433
2005-08-15,10.930132
2005-08-16,10.883288
2005-08-17,10.898904
2005-08-18,10.769302
2005-08-19,10.70372
2005-08-22,10.813025
2005-08-23,10.672491
2005-08-24,10.649071
2005-08-25,10.797408
2005-08-26,10.578806
2005-08-29,10.539768
2005-08-30,10.633454
2005-08-31,10.859866
2005-09-01,11.023816
2005-09-02,11.140925
2005-09-06,11.219
2005-09-07,11.289265
2005-09-08,11.359529
2005-09-09,11.515673
2005-09-12,11.515673
2005-09-13,11.320496
2005-09-14,11.273648
2005-09-15,11.036309
2005-09-16,11.289265
2005-09-19,11.242421
2005-09-20,11.109697
2005-09-21,11.16435
2005-09-22,11.265843
2005-09-23,10.945746
2005-09-26,10.852059
2005-09-27,10.758372
2005-09-28,10.750566
2005-09-29,10.797408
2005-09-30,10.945746
2005-10-03,11.086275
2005-10-04,11.055046
2005-10-05,11.156541
2005-10-06,11.421987
2005-10-07,11.35172
2005-10-10,11.226806
2005-10-11,11.484446
2005-10-12,11.35172
2005-10-13,11.226806
2005-10-14,11.297071
2005-10-17,11.445411
2005-10-18,11.695241
2005-10-19,11.382953
2005-10-20,11.281457
2005-10-21,11.234612
2005-10-24,11.336108
2005-10-25,11.55471
2005-10-26,11.671818
2005-10-27,11.601554
2005-10-28,11.679626
2005-10-31,11.734276
2005-11-01,11.74989
2005-11-02,11.72647
2005-11-03,11.718662
2005-11-04,11.617168
2005-11-07,11.765504
2005-11-08,11.703048
2005-11-09,11.578131
2005-11-10,11.546903
2005-11-11,11.765504
2005-11-14,11.445411
2005-11-15,11.453216
2005-11-16,11.336108
2005-11-17,11.234612
2005-11-18,11.39232
2005-11-21,11.515673
2005-11-22,11.781119
2005-11-23,11.945072
2005-11-25,11.913841
2005-11-28,11.757698
2005-11-29,11.788927
2005-11-30,11.788927
2005-12-01,11.827965
2005-12-02,11.890422
2005-12-05,12.148061
2005-12-06,12.148061
2005-12-07,12.28859
2005-12-08,12.42912
2005-12-09,12.351048
2005-12-12,12.351048
2005-12-13,12.327628
2005-12-14,12.335433
2005-12-15,12.148061
2005-12-16,12.132445
2005-12-19,12.023144
2005-12-20,11.890422
2005-12-21,11.866999
2005-12-22,11.742085
2005-12-23,11.585938
2005-12-27,11.570326
2005-12-28,11.687433
2005-12-29,11.804542
2005-12-30,11.72647
2006-01-03,12.015336
2006-01-04,12.12464
2006-01-05,12.163674
2006-01-06,12.187096
2006-01-09,11.999722
2006-01-10,11.827965
2006-01-11,11.804542
2006-01-12,11.827965
2006-01-13,12.148061
2006-01-17,12.054374
2006-01-18,11.820156
2006-01-19,11.945072
2006-01-20,11.960688
2006-01-23,12.132445
2006-01-24,12.319818
2006-01-25,12.116833
2006-01-26,12.069986
2006-01-27,11.999722
2006-01-30,11.999722
2006-01-31,12.343244
2006-02-01,11.859194
2006-02-02,11.890422
2006-02-03,11.843579
2006-02-06,11.55471
2006-02-07,11.539098
2006-02-08,11.718662
2006-02-09,11.703048
2006-02-10,11.578131
2006-02-13,11.375144
2006-02-14,11.593745
2006-02-15,11.453216
2006-02-16,11.546903
2006-02-17,11.390759
2006-02-21,11.515673
2006-02-22,11.585938
2006-02-23,11.585938
2006-02-24,11.515673
2006-02-27,11.53292
2006-02-28,11.627839
2006-03-01,11.78604
2006-03-02,11.944242
2006-03-03,12.015435
2006-03-06,12.047075
2006-03-07,11.825591
2006-03-08,12.102446
2006-03-09,11.960063
2006-03-10,12.086625
2006-03-13,12.141994
2006-03-14,12.118266
2006-03-15,12.252738
2006-03-16,12.260646
2006-03-17,12.418847
2006-03-20,12.308108
2006-03-21,12.118266
2006-03-22,12.157815
2006-03-23,11.865143
2006-03-24,11.880963
2006-03-27,11.78604
2006-03-28,11.63575
2006-03-29,11.762311
2006-03-30,11.928426
2006-03-31,11.778132
2006-04-03,11.74649
2006-04-04,11.857232
2006-04-05,11.920511
2006-04-06,11.651569
2006-04-07,11.509187
2006-04-10,11.580376
2006-04-11,11.659481
2006-04-12,11.627839
2006-04-13,11.801862
2006-04-17,11.857232
2006-04-18,11.754401
2006-04-19,11.841412
2006-04-20,11.69903
2006-04-21,11.604109
2006-04-24,11.904692
2006-04-25,11.793954
2006-04-26,11.801862
2006-04-27,12.070803
2006-04-28,12.181545
2006-05-01,12.339747
2006-05-02,12.442579
2006-05-03,12.197367
2006-05-04,12.213187
2006-05-05,12.363477
2006-05-08,12.244827
2006-05-09,12.632421
2006-05-10,12.632421
2006-05-11,12.806444
2006-05-12,12.766893
2006-05-15,12.664063
2006-05-16,12.893453
2006-05-17,12.64824
2006-05-18,12.379298
2006-05-19,12.482129
2006-05-22,12.236917
2006-05-23,12.197367
2006-05-24,12.078712
2006-05-25,12.165724
2006-05-26,12.213187
2006-05-30,12.403028
2006-05-31,12.339747
2006-06-01,12.363477
2006-06-02,12.569141
2006-06-05,12.466311
2006-06-06,12.37139
2006-06-07,12.577052
2006-06-08,12.497949
2006-06-09,12.490041
2006-06-12,12.292287
2006-06-13,11.991705
2006-06-14,12.213187
2006-06-15,12.292287
2006-06-16,12.347657
2006-06-19,12.221098
2006-06-20,12.300198
2006-06-21,12.490041
2006-06-22,12.592871
2006-06-23,12.553321
2006-06-26,12.569141
2006-06-27,12.474217
2006-06-28,12.482129
2006-06-29,12.972555
2006-06-30,13.091208
2006-07-03,13.281049
2006-07-05,13.241497
2006-07-06,13.470891
2006-07-07,13.328509
2006-07-10,13.344333
2006-07-11,13.447162
2006-07-12,13.502532
2006-07-13,13.360149
2006-07-14,13.233589
2006-07-17,13.154488
2006-07-18,13.114937
2006-07-19,13.178219
2006-07-20,13.67655
2006-07-21,13.755652
2006-07-24,14.016688
2006-07-25,14.016688
2006-07-26,13.929675
2006-07-27,13.826845
2006-07-28,14.040421
2006-07-31,14.032508
2006-08-01,14.103701
2006-08-02,14.174887
2006-08-03,13.858486
2006-08-04,14.111612
2006-08-07,13.96132
2006-08-08,13.866399
2006-08-09,14.174887
2006-08-10,13.985047
2006-08-11,13.898037
2006-08-14,14.09579
2006-08-15,14.475474
2006-08-16,14.451742
2006-08-17,14.253991
2006-08-18,14.22235
2006-08-21,14.372645
2006-08-22,14.293541
2006-08-23,14.269812
2006-08-24,14.420104
2006-08-25,14.428014
2006-08-28,14.44383
2006-08-29,14.649495
2006-08-30,14.633676
2006-08-31,14.538754
2006-09-01,14.483384
2006-09-05,14.44383
2006-09-06,14.475474
2006-09-07,14.230262
2006-09-08,14.356822
2006-09-11,13.605365
2006-09-12,13.921766
2006-09-13,13.795205
2006-09-14,13.542083
2006-09-15,13.39179
2006-09-18,13.605365
2006-09-19,13.644913
2006-09-20,13.905948
2006-09-21,13.803114
2006-09-22,13.747746
2006-09-25,13.747746
2006-09-26,13.684464
2006-09-27,14.016688
2006-09-28,13.913856
2006-09-29,13.708195
2006-10-02,13.739834
2006-10-03,13.882219
2006-10-04,13.866399
2006-10-05,13.724016
2006-10-06,13.621184
2006-10-09,13.755652
2006-10-10,13.803114
2006-10-11,13.842669
2006-10-12,13.898037
2006-10-13,13.787297
2006-10-16,13.882219
2006-10-17,13.818934
2006-10-18,13.684464
2006-10-19,13.724016
2006-10-20,13.700282
2006-10-23,13.787297
2006-10-24,13.716105
2006-10-25,13.660732
2006-10-26,13.795205
2006-10-27,13.811025
2006-10-30,13.795205
2006-10-31,13.929675
2006-11-01,13.913856
2006-11-02,14.111612
2006-11-03,13.985047
2006-11-06,14.166981
2006-11-07,14.198621
2006-11-08,14.11952
2006-11-09,13.945497
2006-11-10,13.985047
2006-11-13,14.016688
2006-11-14,14.064149
2006-11-15,14.166981
2006-11-16,14.11952
2006-11-17,14.056236
2006-11-20,14.253991
2006-11-21,14.285635
2006-11-22,14.570394
2006-11-24,14.570394
2006-11-27,14.333091
2006-11-28,14.174887
2006-11-29,14.30936
2006-11-30,14.404284
2006-12-01,14.13534
2006-12-04,14.166981
2006-12-05,14.103701
2006-12-06,14.15116
2006-12-07,14.174887
2006-12-08,14.159071
2006-12-11,14.103701
2006-12-12,14.34891
2006-12-13,14.31727
2006-12-14,14.325182
2006-12-15,14.159071
2006-12-18,14.293541
2006-12-19,14.238171
2006-12-20,14.127431
2006-12-21,14.31727
2006-12-22,14.190707
2006-12-26,14.174887
2006-12-27,14.230262
2006-12-28,14.238171
2006-12-29,14.15116
2007-01-03,14.428014
2007-01-04,14.420104
2007-01-05,14.673224
2007-01-08,14.451742
2007-01-09,14.483384
2007-01-10,14.356822
2007-01-11,14.665316
2007-01-12,14.641588
2007-01-16,14.910526
2007-01-17,14.989626
2007-01-18,15.037092
2007-01-19,15.226933
2007-01-22,14.981716
2007-01-23,15.07664
2007-01-24,15.005449
2007-01-25,14.934261
2007-01-26,14.760239
2007-01-29,14.768147
2007-01-30,14.815608
2007-01-31,14.950082
2007-02-01,15.219022
2007-02-02,15.044998
2007-02-05,15.155742
2007-02-06,15.258572
2007-02-07,14.886796
2007-02-08,14.649495
2007-02-09,14.30936
2007-02-12,14.31727
2007-02-13,14.435923
2007-02-14,14.712774
2007-02-15,14.665316
2007-02-16,14.736504
2007-02-20,14.768147
2007-02-21,14.617855
2007-02-22,14.341002
2007-02-23,14.325182
2007-02-26,14.30936
2007-02-27,14.024598
2007-02-28,14.11952
2007-03-01,14.072057
2007-03-02,14.048327
2007-03-05,13.859992
2007-03-06,14.101038
2007-03-07,14.189417
2007-03-08,14.165317
2007-03-09,14.007832
2007-03-12,14.084968
2007-03-13,13.95641
2007-03-14,13.843925
2007-03-15,13.900166
2007-03-16,14.149243
2007-03-19,14.157279
2007-03-20,14.301908
2007-03-21,14.567056
2007-03-22,14.695607
2007-03-23,14.470637
2007-03-26,14.542949
2007-03-27,14.414391
2007-03-28,14.205486
2007-03-29,14.29387
2007-03-30,14.221557
2007-04-02,14.213523
2007-04-03,14.406359
2007-04-04,14.406359
2007-04-05,14.639365
2007-04-09,14.559018
2007-04-10,14.751855
2007-04-11,14.679541
2007-04-12,14.703644
2007-04-13,14.872377
2007-04-16,14.856303
2007-04-17,14.832204
2007-04-18,15.266079
2007-04-19,15.483018
2007-04-20,15.627642
2007-04-23,15.65175
2007-04-24,15.442845
2007-04-25,15.563363
2007-04-26,15.466948
2007-04-27,15.330357
2007-04-30,15.145557
2007-05-01,15.193769
2007-05-02,15.225904
2007-05-03,15.169665
2007-05-04,15.563363
2007-05-07,15.362494
2007-05-08,15.233939
2007-05-09,15.250009
2007-05-10,14.984859
2007-05-11,15.06521
2007-05-14,14.89648
2007-05-15,14.960759
2007-05-16,14.944687
2007-05-17,14.936654
2007-05-18,14.928616
2007-05-21,14.80006
2007-05-22,14.75989
2007-05-23,14.727746
2007-05-24,14.703644
2007-05-25,14.928616
2007-05-29,14.80006
2007-05-30,14.80006
2007-05-31,14.75989
2007-06-01,14.856303
2007-06-04,14.824166
2007-06-05,14.703644
2007-06-06,14.567056
2007-06-07,14.14121
2007-06-08,14.261734
2007-06-11,14.181385
2007-06-12,13.972479
2007-06-13,14.044792
2007-06-14,14.133173
2007-06-15,14.237628
2007-06-18,14.14121
2007-06-19,14.149243
2007-06-20,13.932305
2007-06-21,13.803752
2007-06-22,13.707333
2007-06-25,13.771608
2007-06-26,13.78768
2007-06-27,13.948375
2007-06-28,14.12514
2007-06-29,14.29387
2007-07-02,14.478668
2007-07-03,14.374218
2007-07-05,14.406359
2007-07-06,14.438497
2007-07-09,14.477065
2007-07-10,14.478668
2007-07-11,14.478668
2007-07-12,14.542949
2007-07-13,14.422428
2007-07-16,14.454566
2007-07-17,14.301908
2007-07-18,14.261734
2007-07-19,14.775958
2007-07-20,14.66347
2007-07-23,14.438497
2007-07-24,14.32601
2007-07-25,14.269768
2007-07-26,13.900166
2007-07-27,13.916233
2007-07-30,14.14121
2007-07-31,14.317976
2007-08-01,14.317976
2007-08-02,14.229593
2007-08-03,14.052827
2007-08-06,14.076931
2007-08-07,14.181385
2007-08-08,14.4626
2007-08-09,14.12514
2007-08-10,14.012653
2007-08-13,13.900166
2007-08-14,13.78768
2007-08-15,13.659125
2007-08-16,13.643055
2007-08-17,13.675195
2007-08-20,13.916233
2007-08-21,13.948375
2007-08-22,14.093004
2007-08-23,14.14121
2007-08-24,14.109073
2007-08-27,14.181385
2007-08-28,13.95641
2007-08-29,13.980514
2007-08-30,13.779647
2007-08-31,14.060864
2007-09-04,14.163706
2007-09-05,14.12514
2007-09-06,14.189417
2007-09-07,14.253696
2007-09-10,14.157279
2007-09-11,14.14121
2007-09-12,14.213523
2007-09-13,14.205486
2007-09-14,14.00462
2007-09-17,13.932305
2007-09-18,14.165317
2007-09-19,14.211917
2007-09-20,14.32601
2007-09-21,14.486706
2007-09-24,14.639365
2007-09-25,14.615263
2007-09-26,14.559018
2007-09-27,14.446532
2007-09-28,14.510813
2007-10-01,14.695607
2007-10-02,14.534911
2007-10-03,14.4626
2007-10-04,14.4626
2007-10-05,14.4626
2007-10-08,14.390289
2007-10-09,14.49474
2007-10-10,14.66347
2007-10-11,14.816132
2007-10-12,14.751855
2007-10-15,14.788813
2007-10-16,14.253696
2007-10-17,14.109073
2007-10-18,14.285836
2007-10-19,13.940342
2007-10-22,13.951587
2007-10-23,13.827855
2007-10-24,13.932305
2007-10-25,13.908203
2007-10-26,13.851958
2007-10-29,13.594844
2007-10-30,13.60288
2007-10-31,13.731437
2007-11-01,13.5611
2007-11-02,13.594844
2007-11-05,13.554673
2007-11-06,13.73947
2007-11-07,13.73947
2007-11-08,13.763577
2007-11-09,13.618951
2007-11-12,13.570741
2007-11-13,13.95641
2007-11-14,14.221557
2007-11-15,14.317976
2007-11-16,14.317976
2007-11-19,14.036757
2007-11-20,14.414391
2007-11-21,14.671507
2007-11-23,15.603539
2007-11-26,15.169665
2007-11-27,15.426777
2007-11-28,15.539262
2007-11-29,15.402671
2007-11-30,15.330357
2007-12-03,14.920587
2007-12-04,15.089314
2007-12-05,14.534911
2007-12-06,14.510813
2007-12-07,14.486706
2007-12-10,14.583121
2007-12-11,14.382254
2007-12-12,14.49474
2007-12-13,14.133173
2007-12-14,13.988549
2007-12-17,13.73947
2007-12-18,13.763577
2007-12-19,13.715366
2007-12-20,13.578775
2007-12-21,13.578775
2007-12-24,13.578775
2007-12-26,13.532176
2007-12-27,13.667159
2007-12-28,13.859992
2007-12-31,13.723403
2008-01-02,13.884097
2008-01-03,13.83589
2008-01-04,13.755541
2008-01-07,13.86803
2008-01-08,14.607229
2008-01-09,14.960759
2008-01-10,15.217868
2008-01-11,15.008966
2008-01-14,14.89648
2008-01-15,14.591158
2008-01-16,14.406359
2008-01-17,14.583121
2008-01-18,14.80006
2008-01-22,14.398323
2008-01-23,14.165317
2008-01-24,14.414391
2008-01-25,14.189417
2008-01-28,14.221557
2008-01-29,13.964447
2008-01-30,14.32601
2008-01-31,14.697217
2008-02-01,14.888446
2008-02-04,14.722931
2008-02-05,14.181385
2008-02-06,14.285836
2008-02-07,14.133173
2008-02-08,14.02069
2008-02-11,14.02069
2008-02-12,14.117106
2008-02-13,14.35815
2008-02-14,14.269768
2008-02-15,14.221557
2008-02-19,14.213523
2008-02-20,14.052827
2008-02-21,14.261734
2008-02-22,14.575087
2008-02-25,15.161624
2008-02-26,15.426777
2008-02-27,15.65175
2008-02-28,15.820477
2008-02-29,15.780305
2008-03-03,15.780305
2008-03-04,15.565377
2008-03-05,15.565377
2008-03-06,15.466866
2008-03-07,15.434026
2008-03-10,15.31909
2008-03-11,15.302672
2008-03-12,15.31909
2008-03-13,15.31909
2008-03-14,15.189383
2008-03-17,15.204155
2008-03-18,15.327301
2008-03-19,15.064594
2008-03-20,15.228786
2008-03-24,15.195949
2008-03-25,15.409399
2008-03-26,15.46194
2008-03-27,15.606428
2008-03-28,15.499703
2008-03-31,15.49149
2008-04-01,15.639263
2008-04-02,15.655685
2008-04-03,15.458652
2008-04-04,15.557166
2008-04-07,15.407754
2008-04-08,15.195949
2008-04-09,14.867563
2008-04-10,14.703372
2008-04-11,14.596647
2008-04-14,14.194376
2008-04-15,13.660753
2008-04-16,14.120491
2008-04-17,13.422675
2008-04-18,13.685383
2008-04-21,13.989138
2008-04-22,13.972719
2008-04-23,13.849576
2008-04-24,13.907041
2008-04-25,13.980924
2008-04-28,13.989138
2008-04-29,13.75106
2008-04-30,13.668961
2008-05-01,13.578658
2008-05-02,13.537609
2008-05-05,13.521191
2008-05-06,13.381625
2008-05-07,13.242064
2008-05-08,13.12713
2008-05-09,13.102503
2008-05-12,13.086082
2008-05-13,13.373418
2008-05-14,13.537609
2008-05-15,13.890621
2008-05-16,14.021976
2008-05-19,14.136911
2008-05-20,14.169749
2008-05-21,14.136911
2008-05-22,14.268265
2008-05-23,13.972719
2008-05-27,14.03511
2008-05-28,14.087652
2008-05-29,14.186167
2008-05-30,14.243636
2008-06-02,14.949663
2008-06-03,14.695163
2008-06-04,14.489923
2008-06-05,14.662325
2008-06-06,14.522759
2008-06-09,14.383197
2008-06-10,14.086012
2008-06-11,13.989138
2008-06-12,13.989138
2008-06-13,13.931669
2008-06-16,13.890621
2008-06-17,13.767476
2008-06-18,13.783899
2008-06-19,13.874204
2008-06-20,13.529402
2008-06-23,13.529402
2008-06-24,13.792108
2008-06-25,13.915253
2008-06-26,13.959584
2008-06-27,14.104073
2008-06-30,14.701729
2008-07-01,14.678744
2008-07-02,14.727999
2008-07-03,14.563808
2008-07-07,14.202586
2008-07-08,14.333941
2008-07-09,14.448874
2008-07-10,14.875772
2008-07-11,14.530968
2008-07-14,14.580229
2008-07-15,14.949663
2008-07-16,14.563808
2008-07-17,14.276472
2008-07-18,14.465291
2008-07-21,13.616423
2008-07-22,14.112279
2008-07-23,14.087652
2008-07-24,14.391408
2008-07-25,14.9004
2008-07-28,14.695163
2008-07-29,14.645906
2008-07-30,14.793675
2008-07-31,15.153258
2008-08-01,15.031754
2008-08-04,15.202514
2008-08-05,15.286252
2008-08-06,14.851142
2008-08-07,14.333941
2008-08-08,14.366779
2008-08-11,14.031827
2008-08-12,13.923459
2008-08-13,14.194376
2008-08-14,14.076159
2008-08-15,14.194376
2008-08-18,13.800318
2008-08-19,14.005557
2008-08-20,13.759269
2008-08-21,13.77569
2008-08-22,13.710013
2008-08-25,13.524476
2008-08-26,13.603285
2008-08-27,13.685383
2008-08-28,13.931669
2008-08-29,13.759269
2008-09-02,13.928387
2008-09-03,13.872561
2008-09-04,13.537609
2008-09-05,13.504773
2008-09-08,13.475217
2008-09-09,13.324162
2008-09-10,13.673888
2008-09-11,13.595078
2008-09-12,13.833156
2008-09-15,13.657467
2008-09-16,13.202661
2008-09-17,13.228931
2008-09-18,13.506415
2008-09-19,13.447307
2008-09-22,13.233856
2008-09-23,13.512982
2008-09-24,13.118921
2008-09-25,13.315953
2008-09-26,13.168179
2008-09-29,12.232285
2008-09-30,12.692021
2008-10-01,13.094291
2008-10-02,12.790538
2008-10-03,12.839795
2008-10-06,11.862854
2008-10-07,12.035255
2008-10-08,11.903903
2008-10-09,10.851433
2008-10-10,10.713512
2008-10-13,11.974504
2008-10-14,11.518051
2008-10-15,11.271764
2008-10-16,11.73971
2008-10-17,12.642764
2008-10-20,13.079516
2008-10-21,12.084513
2008-10-22,11.641198
2008-10-23,11.912112
2008-10-24,11.655972
2008-10-27,11.460587
2008-10-28,11.928531
2008-10-29,11.903903
2008-10-30,11.575518
2008-10-31,12.445736
2008-11-03,12.388267
2008-11-04,12.708442
2008-11-05,11.5591
2008-11-06,11.304604
2008-11-07,11.846437
2008-11-10,11.641198
2008-11-11,11.54268
2008-11-12,11.394907
2008-11-13,12.092722
2008-11-14,12.051674
2008-11-17,11.444163
2008-11-18,11.657615
2008-11-19,10.990997
2008-11-20,9.989426
2008-11-21,10.286613
2008-11-24,11.076374
2008-11-25,11.247135
2008-11-26,11.238925
2008-11-28,11.444163
2008-12-01,11.000848
2008-12-02,11.14041
2008-12-03,11.480286
2008-12-04,11.150262
2008-12-05,11.189669
2008-12-08,11.460587
2008-12-09,11.37028
2008-12-10,11.435955
2008-12-11,11.435955
2008-12-12,11.764339
2008-12-15,11.485212
2008-12-16,12.204373
2008-12-17,12.207656
2008-12-18,11.926888
2008-12-19,11.764339
2008-12-22,12.117352
2008-12-23,12.027045
2008-12-24,12.069737
2008-12-26,12.230642
2008-12-29,12.650974
2008-12-30,12.642764
2008-12-31,12.568879
2009-01-02,12.494993
2009-01-05,12.453944
2009-01-06,12.503202
2009-01-07,12.552458
2009-01-08,13.007273
2009-01-09,12.609925
2009-01-12,12.192881
2009-01-13,12.399761
2009-01-14,12.51141
2009-01-15,12.577088
2009-01-16,12.376775
2009-01-20,12.068094
2009-01-21,12.265122
2009-01-22,12.068094
2009-01-23,12.100932
2009-01-26,12.16661
2009-01-27,11.959728
2009-01-28,11.821807
2009-01-29,11.322663
2009-01-30,11.529546
2009-02-02,11.575518
2009-02-03,11.723293
2009-02-04,10.327661
2009-02-05,10.196308
2009-02-06,10.245566
2009-02-09,10.465582
2009-02-10,10.311242
2009-02-11,10.459016
2009-02-12,10.54111
2009-02-13,10.475435
2009-02-17,10.160185
2009-02-18,10.209443
2009-02-19,10.064954
2009-02-20,9.973006
2009-02-23,9.884345
2009-02-24,9.802249
2009-02-25,9.326091
2009-02-26,9.119209
2009-02-27,9.211158
2009-03-02,8.570808
2009-03-03,8.830232
2009-03-04,8.922181
2009-03-05,9.13563
2009-03-06,9.096224
2009-03-09,9.401619
2009-03-10,9.966438
2009-03-11,10.429559
2009-03-12,10.341086
2009-03-13,10.480601
2009-03-16,10.565672
2009-03-17,10.66095
2009-03-18,10.90595
2009-03-19,10.919561
2009-03-20,10.871922
2009-03-23,11.297273
2009-03-24,11.059076
2009-03-25,11.263244
2009-03-26,11.055674
2009-03-27,11.195189
2009-03-30,11.249634
2009-03-31,11.705607
2009-04-01,11.691995
2009-04-02,11.926787
2009-04-03,11.535468
2009-04-06,11.368731
2009-04-07,11.3313
2009-04-08,11.157758
2009-04-09,11.178174
2009-04-13,11.443593
2009-04-14,11.167968
2009-04-15,11.16116
2009-04-16,11.334702
2009-04-17,11.150952
2009-04-20,10.95359
2009-04-21,11.178174
2009-04-22,10.05185
2009-04-23,10.181156
2009-04-24,10.344489
2009-04-27,10.793658
2009-04-28,10.85491
2009-04-29,10.786852
2009-04-30,10.763032
2009-05-01,10.780047
2009-05-04,10.841297
2009-05-05,10.715394
2009-05-06,10.824283
2009-05-07,10.742619
2009-05-08,10.858312
2009-05-11,10.708589
2009-05-12,10.776644
2009-05-13,11.028452
2009-05-14,11.236023
2009-05-15,10.974007
2009-05-18,11.212202
2009-05-19,11.07609
2009-05-20,11.16116
2009-05-21,11.093103
2009-05-22,11.314285
2009-05-26,11.385745
2009-05-27,11.212202
2009-05-28,11.263244
2009-05-29,11.651164
2009-06-01,11.797482
2009-06-02,11.41637
2009-06-03,11.273453
2009-06-04,11.276855
2009-06-05,11.144146
2009-06-08,11.16116
2009-06-09,11.236023
2009-06-10,11.184979
2009-06-11,11.572896
2009-06-12,11.555883
2009-06-15,11.263244
2009-06-16,11.195189
2009-06-17,11.321092
2009-06-18,11.321092
2009-06-19,11.457204
2009-06-22,11.225813
2009-06-23,11.518454
2009-06-24,11.239423
2009-06-25,11.293869
2009-06-26,11.576301
2009-06-29,11.654565
2009-06-30,11.606927
2009-07-01,11.851927
2009-07-02,11.583107
2009-07-06,11.780468
2009-07-07,11.535468
2009-07-08,11.712413
2009-07-09,11.756648
2009-07-10,11.382344
2009-07-13,11.491231
2009-07-14,11.477619
2009-07-15,11.705607
2009-07-16,11.950607
2009-07-17,11.909776
2009-07-20,12.120748
2009-07-21,12.181997
2009-07-22,12.307902
2009-07-23,12.62436
2009-07-24,12.910194
2009-07-27,13.138184
2009-07-28,13.253878
2009-07-29,13.117766
2009-07-30,12.998668
2009-07-31,13.386585
2009-08-03,13.31853
2009-08-04,13.26749
2009-08-05,13.114365
2009-08-06,13.168808
2009-08-07,13.219851
2009-08-10,13.015681
2009-08-11,13.032697
2009-08-12,13.117766
2009-08-13,13.247072
2009-08-14,13.219851
2009-08-17,12.981652
2009-08-18,13.141584
2009-08-19,13.461451
2009-08-20,13.481864
2009-08-21,13.58735
2009-08-24,13.42742
2009-08-25,13.526102
2009-08-26,13.379783
2009-08-27,13.611171
2009-08-28,13.509088
2009-08-31,13.556726
2009-09-01,13.311724
2009-09-02,13.396794
2009-09-03,13.158599
2009-09-04,13.342351
2009-09-08,13.526102
2009-09-09,13.478463
2009-09-10,13.665617
2009-09-11,13.488673
2009-09-14,13.665617
2009-09-15,13.532907
2009-09-16,13.784713
2009-09-17,13.686034
2009-09-18,13.934438
2009-09-21,13.907213
2009-09-22,14.189648
2009-09-23,13.968467
2009-09-24,13.849366
2009-09-25,13.672421
2009-09-28,13.832352
2009-09-29,13.866379
2009-09-30,13.815337
2009-10-01,13.577145
2009-10-02,13.580544
2009-10-05,13.590755
2009-10-06,13.764299
2009-10-07,13.791519
2009-10-08,13.781312
2009-10-09,13.682628
2009-10-12,13.968467
2009-10-13,13.856172
2009-10-14,14.29173
2009-10-15,13.784713
2009-10-16,13.556726
2009-10-19,13.832352
2009-10-20,13.634991
2009-10-21,13.628184
2009-10-22,13.764299
2009-10-23,13.560127
2009-10-26,13.461451
2009-10-27,13.645198
2009-10-28,13.505686
2009-10-29,13.760895
2009-10-30,13.577145
2009-11-02,13.509088
2009-11-03,13.35256
2009-11-04,13.338946
2009-11-05,13.444434
2009-11-06,13.417212
2009-11-09,13.730269
2009-11-10,13.760895
2009-11-11,13.696239
2009-11-12,13.47506
2009-11-13,13.536308
2009-11-16,13.713257
2009-11-17,13.577145
2009-11-18,13.696239
2009-11-19,13.515895
2009-11-20,13.645198
2009-11-23,13.93784
2009-11-24,14.104576
2009-11-25,14.39041
2009-11-27,14.107977
2009-11-30,13.924227
2009-12-01,14.087564
2009-12-02,14.09777
2009-12-03,14.240687
2009-12-04,14.094366
2009-12-07,14.073953
2009-12-08,13.883393
2009-12-09,13.900408
2009-12-10,13.95145
2009-12-11,13.866379
2009-12-14,13.95145
2009-12-15,13.900408
2009-12-16,14.233885
2009-12-17,14.176037
2009-12-18,14.274717
2009-12-21,14.257702
2009-12-22,14.529925
2009-12-23,14.563953
2009-12-24,14.700065
2009-12-28,14.591177
2009-12-29,14.666038
2009-12-30,14.393813
2009-12-31,14.359785
2010-01-04,14.938262
2010-01-05,14.713676
2010-01-06,14.842979
2010-01-07,14.662634
2010-01-08,14.866798
2010-01-11,15.03354
2010-01-12,14.819163
2010-01-13,14.975689
2010-01-14,15.271733
2010-01-15,15.298954
2010-01-19,15.363612
2010-01-20,15.193472
2010-01-21,15.200275
2010-01-22,14.989302
2010-01-25,14.819163
2010-01-26,14.941663
2010-01-27,14.904231
2010-01-28,14.649024
2010-01-29,14.274717
2010-02-01,14.482285
2010-02-02,14.628605
2010-02-03,14.478884
2010-02-04,13.944644
2010-02-05,13.492075
2010-02-08,13.927629
2010-02-09,14.12159
2010-02-10,13.968467
2010-02-11,14.223675
2010-02-12,14.12159
2010-02-16,14.274717
2010-02-17,14.34958
2010-02-18,14.427841
2010-02-19,14.444857
2010-02-22,14.369993
2010-02-23,14.053535
2010-02-24,14.131794
2010-02-25,14.142007
2010-02-26,14.193048
2010-03-01,14.308743
2010-03-02,14.628605
2010-03-03,14.812354
2010-03-04,14.711467
2010-03-05,14.838018
2010-03-08,14.834502
2010-03-09,14.729044
2010-03-10,14.630615
2010-03-11,14.665769
2010-03-12,14.35291
2010-03-15,14.50055
2010-03-16,14.539221
2010-03-17,14.518127
2010-03-18,14.570855
2010-03-19,14.539221
2010-03-22,14.525158
2010-03-23,14.511097
2010-03-24,14.20878
2010-03-25,14.085747
2010-03-26,13.96623
2010-03-29,14.134959
2010-03-30,14.089263
2010-03-31,14.243937
2010-04-01,14.282601
2010-04-05,14.184175
2010-04-06,13.902952
2010-04-07,13.762341
2010-04-08,14.078716
2010-04-09,14.3283
2010-04-12,14.384543
2010-04-13,14.370484
2010-04-14,14.482976
2010-04-15,14.746623
2010-04-16,14.511097
2010-04-19,14.518127
2010-04-20,14.482976
2010-04-21,14.359938
2010-04-22,14.166599
2010-04-23,14.166599
2010-04-26,14.096292
2010-04-27,13.635792
2010-04-28,13.702581
2010-04-29,13.850224
2010-04-30,13.850224
2010-05-03,13.50221
2010-05-04,13.228019
2010-05-05,13.06983
2010-05-06,12.876489
2010-05-07,12.844851
2010-05-10,13.003041
2010-05-11,13.171773
2010-05-12,13.150681
2010-05-13,13.034678
2010-05-14,12.813215
2010-05-17,12.792123
2010-05-18,12.479261
2010-05-19,12.553082
2010-05-20,12.057428
2010-05-21,12.011728
2010-05-24,11.969543
2010-05-25,11.758631
2010-05-26,11.635593
2010-05-27,12.057428
2010-05-28,12.057428
2010-06-01,12.078519
2010-06-02,12.496838
2010-06-03,12.56363
2010-06-04,12.180463
2010-06-07,12.008214
2010-06-08,12.075003
2010-06-09,11.969543
2010-06-10,12.053913
2010-06-11,11.881663
2010-06-14,11.955482
2010-06-15,12.356228
2010-06-16,12.461688
2010-06-17,12.609327
2010-06-18,12.303499
2010-06-21,12.145308
2010-06-22,12.303499
2010-06-23,12.321074
2010-06-24,12.342167
2010-06-25,12.391379
2010-06-28,12.514414
2010-06-29,12.173431
2010-06-30,12.057428
2010-07-01,12.145308
2010-07-02,12.127734
2010-07-06,12.145308
2010-07-07,12.426532
2010-07-08,12.514414
2010-07-09,12.524961
2010-07-12,12.486293
2010-07-13,12.475748
2010-07-14,12.496838
2010-07-15,12.714787
2010-07-16,12.120703
2010-07-19,12.022275
2010-07-20,11.600441
2010-07-21,11.319218
2010-07-22,11.600441
2010-07-23,11.266487
2010-07-26,11.336795
2010-07-27,11.203214
2010-07-28,11.424676
2010-07-29,11.494981
2010-07-30,11.442252
2010-08-02,11.575834
2010-08-03,11.748082
2010-08-04,11.635593
2010-08-05,11.828936
2010-08-06,12.039852
2010-08-09,11.997668
2010-08-10,12.053913
2010-08-11,11.741053
2010-08-12,11.874633
2010-08-13,11.871117
2010-08-16,12.022275
2010-08-17,11.927361
2010-08-18,12.092581
2010-08-19,12.001184
2010-08-20,11.842995
2010-08-23,11.684809
2010-08-24,11.762144
2010-08-25,11.741053
2010-08-26,11.723473
2010-08-27,11.76566
2010-08-30,11.776204
2010-08-31,11.927361
2010-09-01,12.075003
2010-09-02,12.124219
2010-09-03,12.254284
2010-09-07,12.342167
2010-09-08,12.391379
2010-09-09,12.437078
2010-09-10,12.398411
2010-09-13,12.415986
2010-09-14,12.567145
2010-09-15,12.162886
2010-09-16,11.990638
2010-09-17,11.951969
2010-09-20,12.075003
2010-09-21,12.075003
2010-09-22,12.113671
2010-09-23,12.001184
2010-09-24,12.004701
2010-09-27,11.71996
2010-09-28,11.748082
2010-09-29,11.885179
2010-09-30,11.997668
2010-10-01,12.226162
2010-10-04,12.145308
2010-10-05,12.514414
2010-10-06,12.637449
2010-10-07,12.605812
2010-10-08,12.742909
2010-10-11,12.655027
2010-10-12,12.496838
2010-10-13,12.672602
2010-10-14,12.785092
2010-10-15,12.999524
2010-10-18,13.18935
2010-10-19,13.024133
2010-10-20,13.112014
2010-10-21,13.006556
2010-10-22,12.830791
2010-10-25,12.98898
2010-10-26,12.742909
2010-10-27,12.904611
2010-10-28,13.006556
2010-10-29,12.918672
2010-11-01,12.88352
2010-11-02,13.164742
2010-11-03,13.18935
2010-11-04,13.32293
2010-11-05,13.112014
2010-11-08,12.981949
2010-11-09,12.844851
2010-11-10,12.964372
2010-11-11,12.830791
2010-11-12,12.693695
2010-11-15,12.735876
2010-11-16,12.553082
2010-11-17,12.81673
2010-11-18,12.88352
2010-11-19,12.929215
2010-11-22,12.742909
2010-11-23,12.342167
2010-11-24,12.387866
2010-11-26,12.321074
2010-11-29,12.268346
2010-11-30,12.09961
2010-12-01,12.169916
2010-12-02,12.324591
2010-12-03,12.475748
2010-12-06,12.303499
2010-12-07,12.324591
2010-12-08,12.570658
2010-12-09,12.725334
2010-12-10,12.697209
2010-12-13,12.830791
2010-12-14,12.992494
2010-12-15,12.795637
2010-12-16,12.742909
2010-12-17,12.56363
2010-12-20,12.602295
2010-12-21,12.588235
2010-12-22,12.718302
2010-12-23,12.739393
2010-12-27,12.676118
2010-12-28,12.862428
2010-12-29,12.869458
2010-12-30,12.865941
2010-12-31,12.88352
2011-01-03,12.872973
2011-01-04,12.760486
2011-01-05,12.535506
2011-01-06,12.486293
2011-01-07,12.415986
2011-01-10,12.250768
2011-01-11,12.180463
2011-01-12,12.472231
2011-01-13,12.444108
2011-01-14,12.528477
2011-01-18,12.855398
2011-01-19,12.98898
2011-01-20,12.830791
2011-01-21,12.953825
2011-01-24,13.315901
2011-01-25,13.460027
2011-01-26,13.569001
2011-01-27,13.533847
2011-01-28,13.431905
2011-01-31,13.452998
2011-02-01,13.688519
2011-02-02,13.456509
2011-02-03,13.228019
2011-02-04,12.971403
2011-02-07,12.925702
2011-02-08,12.904611
2011-02-09,12.908126
2011-02-10,12.813215
2011-02-11,12.904611
2011-02-14,12.749938
2011-02-15,12.669087
2011-02-16,12.785092
2011-02-17,12.799153
2011-02-18,12.841336
2011-02-22,12.799153
2011-02-23,12.922186
2011-02-24,13.003041
2011-02-25,13.024133
2011-02-28,13.20341
2011-03-01,13.210443
2011-03-02,13.182318
2011-03-03,13.350677
2011-03-04,13.321205
2011-03-07,13.048588
2011-03-08,12.989647
2011-03-09,13.05596
2011-03-10,13.044907
2011-03-11,13.096482
2011-03-14,13.070694
2011-03-15,12.753874
2011-03-16,12.617568
2011-03-17,12.875444
2011-03-18,12.827553
2011-03-21,12.963859
2011-03-22,13.151744
2011-03-23,13.184898
2011-03-24,13.240156
2011-03-25,13.133324
2011-03-28,13.052274
2011-03-29,13.05596
2011-03-30,13.229106
2011-03-31,13.24384
2011-04-01,13.32489
2011-04-04,13.288048
2011-04-05,13.24384
2011-04-06,13.32489
2011-04-07,13.494351
2011-04-08,13.538558
2011-04-11,13.649078
2011-04-12,13.730124
2011-04-13,13.671181
2011-04-14,13.719072
2011-04-15,13.75223
2011-04-18,13.663813
2011-04-19,13.663813
2011-04-20,14.172199
2011-04-21,14.212725
2011-04-25,14.190621
2011-04-26,14.345345
2011-04-27,14.536911
2011-04-28,14.662166
2011-04-29,14.931096
2011-05-02,15.09319
2011-05-03,15.314227
2011-05-04,15.203711
2011-05-05,15.045297
2011-05-06,15.207392
2011-05-09,15.28844
2011-05-10,15.255285
2011-05-11,15.317913
2011-05-12,15.491057
2011-05-13,15.406327
2011-05-16,15.656836
2011-05-17,15.527899
2011-05-18,15.704728
2011-05-19,15.71578
2011-05-20,15.649467
2011-05-23,15.233179
2011-05-24,15.317913
2011-05-25,15.594209
2011-05-26,15.785773
2011-05-27,15.981026
2011-05-31,16.179962
2011-06-01,16.117332
2011-06-02,16.146805
2011-06-03,16.172592
2011-06-06,16.047335
2011-06-07,15.947869
2011-06-08,15.741568
2011-06-09,15.653152
2011-06-10,15.347382
2011-06-13,15.465269
2011-06-14,15.524215
2011-06-15,15.019511
2011-06-16,15.104241
2011-06-17,15.148451
2011-06-20,15.148451
2011-06-21,15.373172
2011-06-22,15.144767
2011-06-23,15.089504
2011-06-24,15.104241
2011-06-27,15.28844
2011-06-28,15.266335
2011-06-29,15.325279
2011-06-30,15.457902
2011-07-01,15.343699
2011-07-05,15.328962
2011-07-06,15.18529
2011-07-07,15.071085
2011-07-08,15.026875
2011-07-11,14.890571
2011-07-12,15.126346
2011-07-13,15.310543
2011-07-14,15.292122
2011-07-15,15.435798
2011-07-18,15.340015
2011-07-19,15.424746
2011-07-20,15.822617
2011-07-21,16.017862
2011-07-22,16.154171
2011-07-25,16.647821
2011-07-26,16.669926
2011-07-27,16.474676
2011-07-28,16.375208
2011-07-29,16.419416
2011-08-01,16.467308
2011-08-02,16.220482
2011-08-03,16.448889
2011-08-04,15.664204
2011-08-05,15.642097
2011-08-08,14.827943
2011-08-09,15.763673
2011-08-10,14.717425
2011-08-11,14.78005
2011-08-12,14.986353
2011-08-15,15.148451
2011-08-16,15.233179
2011-08-17,15.487375
2011-08-18,15.052667
2011-08-19,15.012142
2011-08-22,15.354751
2011-08-23,15.822617
2011-08-24,15.804195
2011-08-25,15.671573
2011-08-26,15.712094
2011-08-29,15.656836
2011-08-30,15.697361
2011-08-31,16.117332
2011-09-01,16.463627
2011-09-02,16.135752
2011-09-06,15.196342
2011-09-07,15.347382
2011-09-08,14.908994
2011-09-09,14.643747
2011-09-12,14.42271
2011-09-13,14.304822
2011-09-14,14.514808
2011-09-15,14.735844
2011-09-16,14.459549
2011-09-19,14.08747
2011-09-20,14.18325
2011-09-21,14.054311
2011-09-22,13.748544
2011-09-23,14.01379
2011-09-26,14.382186
2011-09-27,14.776371
2011-09-28,14.64743
2011-09-29,14.956883
2011-09-30,14.816893
2011-10-03,14.426393
2011-10-04,14.772684
2011-10-05,14.551646
2011-10-06,14.802155
2011-10-07,14.809526
2011-10-10,15.247916
2011-10-11,15.192658
2011-10-12,15.122662
2011-10-13,14.514808
2011-10-14,14.772684
2011-10-17,14.393236
2011-10-18,14.809526
2011-10-19,14.433762
2011-10-20,14.809526
2011-10-21,15.019511
2011-10-24,15.04898
2011-10-25,14.739529
2011-10-26,14.982671
2011-10-27,15.402641
2011-10-28,15.494743
2011-10-31,15.067403
2011-11-01,14.80584
2011-11-02,14.687951
2011-11-03,15.107926
2011-11-04,14.883206
2011-11-07,14.606909
2011-11-08,14.89794
2011-11-09,14.16483
2011-11-10,14.135358
2011-11-11,14.312189
2011-11-14,14.337978
2011-11-15,14.404288
2011-11-16,14.301138
2011-11-17,14.216407
2011-11-18,14.234827
2011-11-21,13.792748
2011-11-22,13.748544
2011-11-23,13.630657
2011-11-25,13.490666
2011-11-28,13.925373
2011-11-29,14.186935
2011-11-30,14.629013
2011-12-01,14.85005
2011-12-02,14.702688
2011-12-05,14.662166
2011-12-06,14.883206
2011-12-07,14.853734
2011-12-08,14.912677
2011-12-09,15.398959
2011-12-12,15.089504
2011-12-13,15.104241
2011-12-14,15.133716
2011-12-15,15.656836
2011-12-16,15.546317
2011-12-19,15.457902
2011-12-20,15.553683
2011-12-21,15.384221
2011-12-22,15.387906
2011-12-23,15.583157
2011-12-27,15.608943
2011-12-28,15.590523
2011-12-29,15.71578
2011-12-30,15.675255
2012-01-03,15.97734
2012-01-04,15.903661
2012-01-05,15.737885
2012-01-06,15.859454
2012-01-09,15.966289
2012-01-10,15.841033
2012-01-11,15.656836
2012-01-12,16.028915
2012-01-13,15.763673
2012-01-17,15.866823
2012-01-18,16.249954
2012-01-19,16.375208
2012-01-20,16.117332
2012-01-23,16.209431
2012-01-24,16.389946
2012-01-25,16.043653
2012-01-26,15.988391
2012-01-27,15.885241
2012-01-30,15.590523
2012-01-31,15.767354
2012-02-01,15.443167
2012-02-02,15.387906
2012-02-03,15.774722
2012-02-06,15.785773
2012-02-07,16.209431
2012-02-08,16.389946
2012-02-09,16.577824
2012-02-10,16.297844
2012-02-13,16.507832
2012-02-14,16.187325
2012-02-15,16.117332
2012-02-16,16.301529
2012-02-17,16.235216
2012-02-21,16.198378
2012-02-22,16.091543
2012-02-23,16.330997
2012-02-24,16.301529
2012-02-27,16.308897
2012-02-28,16.238899
2012-02-29,16.054703
2012-03-01,15.962603
2012-03-02,15.877874
2012-03-05,16.02523
2012-03-06,15.881558
2012-03-07,16.128384
2012-03-08,16.72818
2012-03-09,16.593525
2012-03-12,16.635843
2012-03-13,16.605066
2012-03-14,16.585831
2012-03-15,16.774349
2012-03-16,16.83206
2012-03-19,16.909004
2012-03-20,16.905157
2012-03-21,16.897467
2012-03-22,16.697401
2012-03-23,16.697401
2012-03-26,16.87438
2012-03-27,16.805128
2012-03-28,16.920546
2012-03-29,16.751266
2012-03-30,16.78974
2012-04-02,17.17832
2012-04-03,16.98595
2012-04-04,16.71279
2012-04-05,16.485798
2012-04-09,16.539663
2012-04-10,16.112612
2012-04-11,16.158775
2012-04-12,16.555052
2012-04-13,16.428089
2012-04-16,16.858992
2012-04-17,16.951326
2012-04-18,17.10907
2012-04-19,17.251417
2012-04-20,17.805433
2012-04-23,17.559204
2012-04-24,17.59383
2012-04-25,17.697708
2012-04-26,17.616915
2012-04-27,17.543814
2012-04-30,17.628456
2012-05-01,17.697708
2012-05-02,17.474564
2012-05-03,17.428394
2012-05-04,17.293737
2012-05-07,16.851295
2012-05-08,16.443478
2012-05-09,16.3396
2012-05-10,16.220335
2012-05-11,16.181862
2012-05-14,15.93563
2012-05-15,15.812518
2012-05-16,15.681707
2012-05-17,15.650928
2012-05-18,15.512427
2012-05-21,15.689403
2012-05-22,15.720181
2012-05-23,15.44702
2012-05-24,15.27774
2012-05-25,15.316212
2012-05-29,15.331599
2012-05-30,15.069983
2012-05-31,15.069983
2012-06-01,14.981493
2012-06-04,14.950716
2012-06-05,15.004578
2012-06-06,15.466259
2012-06-07,15.481647
2012-06-08,15.435476
2012-06-11,15.366228
2012-06-12,15.750959
2012-06-13,15.843294
2012-06-14,15.843294
2012-06-15,15.850991
2012-06-18,15.716331
2012-06-19,16.389616
2012-06-20,16.354992
2012-06-21,16.162622
2012-06-22,16.301126
2012-06-25,16.004883
2012-06-26,16.31267
2012-06-27,16.301126
2012-06-28,16.262655
2012-06-29,16.628151
2012-07-02,16.662775
2012-07-03,16.71279
2012-07-05,16.478104
2012-07-06,16.358837
2012-07-09,16.485798
2012-07-10,16.343447
2012-07-11,16.458866
2012-07-12,16.366533
2012-07-13,16.42424
2012-07-16,16.639692
2012-07-17,16.71279
2012-07-18,16.785891
2012-07-19,16.928242
2012-07-20,16.635843
2012-07-23,16.381924
2012-07-24,16.147236
2012-07-25,16.397312
2012-07-26,16.501188
2012-07-27,16.624302
2012-07-30,16.682014
2012-07-31,17.066746
2012-08-01,16.982105
2012-08-02,17.012882
2012-08-03,17.312971
2012-08-06,17.159084
2012-08-07,17.236029
2012-08-08,17.17832
2012-08-09,17.186012
2012-08-10,17.20525
2012-08-13,17.309126
2012-08-14,17.359142
2012-08-15,17.324518
2012-08-16,17.389923
2012-08-17,17.389923
2012-08-20,17.236029
2012-08-21,17.312971
2012-08-22,17.424549
2012-08-23,17.355295
2012-08-24,17.586132
2012-08-27,17.643847
2012-08-28,17.605371
2012-08-29,17.428394
2012-08-30,17.312971
2012-08-31,17.505342
2012-09-04,17.501495
2012-09-05,17.501495
2012-09-06,17.920853
2012-09-07,18.140152
2012-09-10,17.813124
2012-09-11,18.024729
2012-09-12,17.901615
2012-09-13,18.140152
2012-09-14,18.182472
2012-09-17,18.217098
2012-09-18,18.263266
2012-09-19,18.497953
2012-09-20,18.324823
2012-09-21,18.521034
2012-09-24,18.40177
2012-09-25,18.324823
2012-09-26,18.15554
2012-09-27,18.40177
2012-09-28,18.078592
2012-10-01,18.432549
2012-10-02,18.486414
2012-10-03,18.417156
2012-10-04,18.774958
2012-10-05,18.890379
2012-10-08,19.009645
2012-10-09,18.748026
2012-10-10,18.582592
2012-10-11,18.632607
2012-10-12,18.801893
2012-10-15,19.071205
2012-10-16,19.236639
2012-10-17,19.259724
2012-10-18,19.448242
2012-10-19,19.371296
2012-10-22,19.29435
2012-10-23,18.782654
2012-10-24,18.659538
2012-10-25,18.767265
2012-10-26,18.751877
2012-10-31,18.474867
2012-11-01,18.582592
2012-11-02,18.582592
2012-11-05,18.497953
2012-11-06,18.709557
2012-11-07,18.524879
2012-11-08,18.328667
2012-11-09,18.247873
2012-11-12,18.228642
2012-11-13,18.270962
2012-11-14,18.29789
2012-11-15,17.909311
2012-11-16,17.759266
2012-11-19,18.12476
2012-11-20,18.024729
2012-11-21,18.132456
2012-11-23,18.605675
2012-11-26,18.571049
2012-11-27,18.532576
2012-11-28,18.663389
2012-11-29,18.832668
2012-11-30,18.932701
2012-12-03,18.871141
2012-12-04,18.801893
2012-12-05,18.786503
2012-12-06,18.851906
2012-12-07,19.067358
2012-12-10,19.305893
2012-12-11,19.525188
2012-12-12,19.471329
2012-12-13,19.371296
2012-12-14,19.544422
2012-12-17,19.455936
2012-12-18,19.675232
2012-12-19,19.736792
2012-12-20,19.582899
2012-12-21,19.752182
2012-12-24,19.717554
2012-12-26,19.759876
2012-12-27,19.640606
2012-12-28,19.425158
2012-12-31,19.429007
2013-01-02,19.736792
2013-01-03,19.709858
2013-01-04,19.844515
2013-01-07,19.817581
2013-01-08,19.979172
2013-01-09,20.129217
2013-01-10,20.344669
2013-01-11,20.652454
2013-01-14,20.429308
2013-01-15,20.402378
2013-01-16,20.379295
2013-01-17,20.840975
2013-01-18,20.521646
2013-01-22,20.487019
2013-01-23,20.921768
2013-01-24,21.218012
2013-01-25,21.160303
2013-01-28,21.044882
2013-01-29,21.152607
2013-01-30,21.025646
2013-01-31,21.344976
2013-02-01,21.545034
2013-02-04,21.294958
2013-02-05,21.460394
2013-02-06,21.306499
2013-02-07,20.787111
2013-02-08,21.164148
2013-02-11,21.125677
2013-02-12,21.198774
2013-02-13,21.433462
2013-02-14,21.406532
2013-02-15,21.510406
2013-02-19,21.995173
2013-02-20,22.141371
2013-02-21,21.675846
2013-02-22,21.968241
2013-02-25,22.060577
2013-02-26,21.945158
2013-02-27,21.979784
2013-02-28,22.072121
2013-03-01,21.891298
2013-03-04,22.052885
2013-03-05,22.2491
2013-03-06,22.199081
2013-03-07,22.642035
2013-03-08,22.327063
2013-03-11,22.546345
2013-03-12,22.642035
2013-03-13,22.287193
2013-03-14,22.657982
2013-03-15,22.984917
2013-03-18,22.825434
2013-03-19,22.905176
2013-03-20,23.244068
2013-03-21,22.885239
2013-03-22,23.064651
2013-03-25,23.076612
2013-03-26,23.21217
2013-03-27,23.052694
2013-03-28,23.363676
2013-04-01,23.244068
2013-04-02,23.523157
2013-04-03,23.726492
2013-04-04,23.594921
2013-04-05,23.606884
2013-04-08,23.997602
2013-04-09,23.834141
2013-04-10,24.256758
2013-04-11,24.324537
2013-04-12,24.220875
2013-04-15,24.739183
2013-04-16,24.695326
2013-04-17,23.969696
2013-04-18,24.352449
2013-04-19,24.360422
2013-04-22,24.125191
2013-04-23,24.356434
2013-04-24,24.3365
2013-04-25,24.539833
2013-04-26,24.667416
2013-04-29,25.002323
2013-04-30,24.886702
2013-05-01,24.619576
2013-05-02,24.83886
2013-05-03,25.026249
2013-05-06,24.818922
2013-05-07,24.818922
2013-05-08,25.488735
2013-05-09,25.157816
2013-05-10,25.357164
2013-05-13,25.317295
2013-05-14,25.197685
2013-05-15,25.692074
2013-05-16,25.412983
2013-05-17,25.169779
2013-05-20,25.329254
2013-05-21,25.799719
2013-05-22,26.174494
2013-05-23,26.138613
2013-05-24,26.29809
2013-05-28,25.839588
2013-05-29,25.472788
2013-05-30,25.405008
2013-05-31,24.854807
2013-06-03,24.232834
2013-06-04,24.308592
2013-06-05,24.340487
2013-06-06,24.121202
2013-06-07,24.647484
2013-06-10,24.926571
2013-06-11,24.7033
2013-06-12,24.826899
2013-06-13,24.771078
2013-06-14,24.579706
2013-06-17,24.894674
2013-06-18,24.898664
2013-06-19,24.67938
2013-06-20,23.885969
2013-06-21,23.423483
2013-06-24,23.060667
2013-06-25,23.423483
2013-06-26,24.11323
2013-06-27,24.535847
2013-06-28,24.667416
2013-07-01,24.711275
2013-07-02,24.779053
2013-07-03,24.79899
2013-07-05,24.791012
2013-07-08,24.870754
2013-07-09,24.922583
2013-07-10,25.177753
2013-07-11,25.564487
2013-07-12,25.516644
2013-07-15,25.464813
2013-07-16,25.273438
2013-07-17,24.898664
2013-07-18,24.791012
2013-07-19,24.882713
2013-07-22,24.858793
2013-07-23,24.7033
2013-07-24,25.010298
2013-07-25,25.317295
2013-07-26,25.117947
2013-07-29,25.022257
2013-07-30,24.619576
2013-07-31,24.444147
2013-08-01,24.50794
2013-08-02,24.499966
2013-08-05,24.731211
2013-08-06,25.030233
2013-08-07,25.149845
2013-08-08,25.305334
2013-08-09,25.596382
2013-08-12,25.819656
2013-08-13,25.807695
2013-08-14,25.755861
2013-08-15,25.556511
2013-08-16,25.508671
2013-08-19,25.719982
2013-08-20,26.130638
2013-08-21,25.704031
2013-08-22,26.150572
2013-08-23,26.134626
2013-08-26,26.138613
2013-08-27,25.947237
2013-08-28,25.32527
2013-08-29,25.11396
2013-08-30,24.822908
2013-09-03,24.894674
2013-09-04,25.133898
2013-09-05,24.711275
2013-09-06,24.974415
2013-09-09,25.273438
2013-09-10,25.365139
2013-09-11,25.700043
2013-09-12,25.580439
2013-09-13,25.381088
2013-09-16,25.333242
2013-09-17,25.353176
2013-09-18,26.222336
2013-09-19,26.329988
2013-09-20,26.437637
2013-09-23,26.250246
2013-09-24,26.214365
2013-09-25,26.345934
2013-09-26,26.621035
2013-09-27,26.884174
2013-09-30,26.924049
2013-10-01,27.003788
2013-10-02,26.792477
2013-10-03,26.712736
2013-10-04,26.270182
2013-10-07,26.078808
2013-10-08,25.779787
2013-10-09,25.484749
2013-10-10,25.875471
2013-10-11,26.210375
2013-10-14,26.449593
2013-10-15,26.501429
2013-10-16,26.876202
2013-10-17,27.131371
2013-10-18,26.852282
2013-10-21,26.951954
2013-10-22,27.549997
2013-10-23,27.761314
2013-10-24,27.70948
2013-10-25,27.781246
2013-10-28,27.793205
2013-10-29,27.797195
2013-10-30,27.789219
2013-10-31,27.645685
2013-11-01,27.693529
2013-11-04,27.845037
2013-11-05,27.446339
2013-11-06,27.621763
2013-11-07,27.183203
2013-11-08,27.306795
2013-11-11,27.374578
2013-11-12,27.462288
2013-11-13,27.625755
2013-11-14,27.665625
2013-11-15,27.761314
2013-11-18,27.948698
2013-11-19,27.737391
2013-11-20,27.486212
2013-11-21,27.68556
2013-11-22,27.94471
2013-11-25,27.75334
2013-11-26,27.888891
2013-11-27,27.801182
2013-11-29,27.928762
2013-12-02,27.809156
2013-12-03,27.350653
2013-12-04,27.003788
2013-12-05,27.278887
2013-12-06,27.454315
2013-12-09,27.155293
2013-12-10,26.872215
2013-12-11,26.772541
2013-12-12,26.453583
2013-12-13,26.282145
2013-12-16,26.453583
2013-12-17,26.389793
2013-12-18,26.676853
2013-12-19,26.971891
2013-12-20,27.195158
2013-12-23,27.290848
2013-12-24,27.454315
2013-12-26,27.526081
2013-12-27,27.924776
2013-12-30,28.100206
2013-12-31,27.988567
2014-01-02,27.378559
2014-01-03,27.75334
2014-01-06,27.860987
2014-01-07,27.928762
2014-01-08,27.976604
2014-01-09,28.455048
2014-01-10,28.463017
2014-01-13,28.239748
2014-01-14,28.163994
2014-01-15,27.721441
2014-01-16,27.809156
2014-01-17,27.390524
2014-01-21,27.250977
2014-01-22,27.350653
2014-01-23,27.665625
2014-01-24,27.055614
2014-01-27,26.517378
2014-01-28,26.967903
2014-01-29,26.553257
2014-01-30,27.621763
2014-01-31,27.350653
2014-02-03,27.278887
2014-02-04,27.374578
2014-02-05,27.306795
2014-02-06,27.649675
2014-02-07,28.327461
2014-02-10,28.41119
2014-02-11,28.60655
2014-02-12,28.387264
2014-02-13,28.94943
2014-02-14,29.463753
2014-02-18,29.82258
2014-02-19,29.575384
2014-02-20,29.718916
2014-02-21,30.061798
2014-02-24,30.324934
2014-02-25,30.432587
2014-02-26,30.356833
2014-02-27,30.699711
2014-02-28,30.604025
2014-03-03,29.264399
2014-03-04,29.878395
2014-03-05,29.679045
2014-03-06,30.704445
2014-03-07,30.441525
2014-03-10,30.761953
2014-03-11,30.531898
2014-03-12,30.531898
2014-03-13,30.02249
2014-03-14,29.800648
2014-03-17,30.055359
2014-03-18,30.589415
2014-03-19,30.351141
2014-03-20,30.466173
2014-03-21,30.745527
2014-03-24,30.384007
2014-03-25,30.967365
2014-03-26,30.556547
2014-03-27,30.433308
2014-03-28,30.794821
2014-03-31,30.992018
2014-04-01,30.827688
2014-04-02,30.581198
2014-04-03,30.548334
2014-04-04,30.19503
2014-04-07,29.899244
2014-04-08,29.899244
2014-04-09,29.981411
2014-04-10,29.718487
2014-04-11,29.102253
2014-04-14,29.743137
2014-04-15,29.693836
2014-04-16,29.718487
2014-04-17,29.759565
2014-04-21,29.997835
2014-04-22,29.800648
2014-04-23,29.759565
2014-04-24,29.734917
2014-04-25,29.660967
2014-04-28,29.734917
2014-04-29,29.743137
2014-04-30,30.112869
2014-05-01,30.121084
2014-05-02,29.800648
2014-05-05,29.59524
2014-05-06,29.652752
2014-05-07,29.537724
2014-05-08,29.430912
2014-05-09,29.660967
2014-05-12,29.702055
2014-05-13,29.833513
2014-05-14,30.19503
2014-05-15,30.729095
2014-05-16,30.992018
2014-05-19,31.008451
2014-05-20,30.597633
2014-05-21,30.523685
2014-05-22,30.827688
2014-05-23,30.745527
2014-05-27,30.556547
2014-05-28,30.268982
2014-05-29,30.499035
2014-05-30,30.310061
2014-06-02,30.852341
2014-06-03,30.794821
2014-06-04,30.794821
2014-06-05,31.008451
2014-06-06,30.876991
2014-06-09,30.893419
2014-06-10,31.279589
2014-06-11,30.893419
2014-06-12,30.704445
2014-06-13,30.342928
2014-06-16,30.589415
2014-06-17,30.466173
2014-06-18,30.449736
2014-06-19,30.655146
2014-06-20,30.868771
2014-06-23,30.515469
2014-06-24,30.244326
2014-06-25,30.211464
2014-06-26,30.112869
2014-06-27,30.474386
2014-06-30,30.646933
2014-07-01,30.638714
2014-07-02,30.457952
2014-07-03,30.934502
2014-07-07,30.770174
2014-07-08,30.794821
2014-07-09,30.646933
2014-07-10,30.285416
2014-07-11,30.37579
2014-07-14,30.704445
2014-07-15,30.794821
2014-07-16,30.318281
2014-07-17,29.97319
2014-07-18,30.129301
2014-07-21,30.17038
2014-07-22,30.260767
2014-07-23,30.252546
2014-07-24,30.597633
2014-07-25,30.326494
2014-07-28,30.211464
2014-07-29,30.030704
2014-07-30,30.260767
2014-07-31,29.849949
2014-08-01,29.800648
2014-08-04,29.587019
2014-08-05,29.578808
2014-08-06,29.455557
2014-08-07,29.209072
2014-08-08,29.513073
2014-08-11,29.365187
2014-08-12,29.332319
2014-08-13,29.496643
2014-08-14,29.849949
2014-08-15,29.693836
2014-08-18,29.891027
2014-08-19,30.104649
2014-08-20,29.948544
2014-08-21,29.940325
2014-08-22,29.841728
2014-08-25,30.047138
2014-08-26,30.080004
2014-08-27,30.096436
2014-08-28,30.038923
2014-08-29,29.997835
2014-09-02,30.038923
2014-09-03,30.203243
2014-09-04,29.734917
2014-09-05,29.817083
2014-09-08,29.685616
2014-09-09,29.841728
2014-09-10,29.85816
2014-09-11,30.318281
2014-09-12,30.153948
2014-09-15,30.367577
2014-09-16,30.794821
2014-09-17,30.704445
2014-09-18,31.139912
2014-09-19,30.926287
2014-09-22,30.942719
2014-09-23,30.868771
2014-09-24,30.852341
2014-09-25,30.515469
2014-09-26,30.392227
2014-09-29,30.318281
2014-09-30,30.392227
2014-10-01,30.186817
2014-10-02,29.899244
2014-10-03,29.603453
2014-10-06,29.800648
2014-10-07,28.921497
2014-10-08,29.299452
2014-10-09,28.469599
2014-10-10,28.223112
2014-10-13,28.297058
2014-10-14,28.371004
2014-10-15,28.173815
2014-10-16,28.477816
2014-10-17,29.094042
2014-10-20,29.455557
2014-10-21,29.899244
2014-10-22,29.866375
2014-10-23,30.112869
2014-10-24,30.055359
2014-10-27,30.055359
2014-10-28,30.301846
2014-10-29,30.178596
2014-10-30,30.548334
2014-10-31,30.244326
2014-11-03,29.825296
2014-11-04,30.236113
2014-11-05,30.581198
2014-11-06,30.392227
2014-11-07,30.038923
2014-11-10,30.178596
2014-11-11,30.425089
2014-11-12,30.137518
2014-11-13,30.416876
2014-11-14,30.334711
2014-11-17,30.367577
2014-11-18,30.770174
2014-11-19,30.942719
2014-11-20,30.950935
2014-11-21,30.638714
2014-11-24,30.688007
2014-11-25,30.572985
2014-11-26,30.73731
2014-11-28,30.778389
2014-12-01,31.156342
2014-12-02,30.934502
2014-12-03,30.770174
2014-12-04,30.942719
2014-12-05,30.992018
2014-12-08,30.803041
2014-12-09,30.819475
2014-12-10,30.630493
2014-12-11,30.893419
2014-12-12,30.285416
2014-12-15,29.669188
2014-12-16,29.833513
2014-12-17,29.611671
2014-12-18,30.318281
2014-12-19,28.321709
2014-12-22,28.527117
2014-12-23,28.173815
2014-12-24,28.165596
2014-12-26,28.124516
2014-12-29,28.067003
2014-12-30,28.165596
2014-12-31,27.927324
2015-01-02,27.861591
2015-01-05,27.960186
2015-01-06,27.853376
2015-01-07,27.927324
2015-01-08,28.165596
2015-01-09,28.305273
2015-01-12,28.477816
2015-01-13,28.601068
2015-01-14,28.91328
2015-01-15,29.751352
2015-01-16,29.997835
2015-01-20,29.841728
2015-01-21,29.554157
2015-01-22,28.518898
2015-01-23,29.036528
2015-01-26,29.151556
2015-01-27,29.332319
2015-01-28,28.321709
2015-01-29,28.247761
2015-01-30,27.738346
2015-02-02,27.64797
2015-02-03,27.508291
2015-02-04,27.968405
2015-02-05,27.779428
2015-02-06,27.64797
2015-02-09,27.031744
2015-02-10,27.089258
2015-02-11,26.8592
2015-02-12,26.670223
2015-02-13,26.785254
2015-02-17,27.508291
2015-02-18,27.385044
2015-02-19,27.574022
2015-02-20,28.198462
2015-02-23,27.984838
2015-02-24,27.836945
2015-02-25,27.853376
2015-02-26,27.820511
2015-02-27,28.042355
2015-03-02,27.927324
2015-03-03,28.223112
2015-03-04,28.124697
2015-03-05,27.827753
2015-03-06,27.955015
2015-03-09,28.039854
2015-03-10,27.564749
2015-03-11,27.233868
2015-03-12,28.107727
2015-03-13,27.929562
2015-03-16,27.870171
2015-03-17,27.997435
2015-03-18,28.973103
2015-03-19,29.091883
2015-03-20,29.838478
2015-03-23,29.974222
2015-03-24,29.948771
2015-03-25,29.600927
2015-03-26,29.125818
2015-03-27,29.057945
2015-03-30,29.024008
2015-03-31,29.168238
2015-04-01,29.312464
2015-04-02,29.507599
2015-04-06,29.592442
2015-04-07,29.86393
2015-04-08,29.829992
2015-04-09,29.923319
2015-04-10,30.135424
2015-04-13,30.050579
2015-04-14,30.220263
2015-04-15,30.296619
2015-04-16,30.534174
2015-04-17,30.067549
2015-04-20,30.220263
2015-04-21,30.415392
2015-04-22,30.517202
2015-04-23,31.000795
2015-04-24,30.746279
2015-04-27,30.712341
2015-04-28,30.389942
2015-04-29,30.203293
2015-04-30,30.440849
2015-05-01,30.576593
2015-05-04,30.585073
2015-05-05,30.483267
2015-05-06,30.279648
2015-05-07,29.914833
2015-05-08,30.440849
2015-05-11,30.381458
2015-05-12,30.339037
2015-05-13,31.170479
2015-05-14,32.230991
2015-05-15,31.789818
2015-05-18,31.798296
2015-05-19,31.458937
2015-05-20,31.475906
2015-05-21,31.543776
2015-05-22,31.246838
2015-05-26,30.746279
2015-05-27,31.297741
2015-05-28,31.730427
2015-05-29,32.629738
2015-06-01,31.391064
2015-06-02,31.255318
2015-06-03,31.357126
2015-06-04,31.077148
2015-06-05,30.602045
2015-06-08,30.763243
2015-06-09,30.356007
2015-06-10,31.212898
2015-06-11,31.246838
2015-06-12,30.576593
2015-06-15,30.067549
2015-06-16,30.143904
2015-06-17,30.245716
2015-06-18,30.415392
2015-06-19,30.449329
2015-06-22,30.915956
2015-06-23,31.000795
2015-06-24,30.602045
2015-06-25,30.576593
2015-06-26,30.669916
2015-06-29,29.957256
2015-06-30,29.753637
2015-07-01,29.813025
2015-07-02,29.838478
2015-07-06,29.770607
2015-07-07,29.753637
2015-07-08,29.566988
2015-07-09,30.050579
2015-07-10,31.000795
2015-07-13,31.119576
2015-07-14,31.255318
2015-07-15,30.848085
2015-07-16,31.280767
2015-07-17,31.000795
2015-07-20,31.000795
2015-07-21,30.949894
2015-07-22,30.669916
2015-07-23,30.822632
2015-07-24,30.50872
2015-07-27,30.203293
2015-07-28,30.602045
2015-07-29,30.619011
2015-07-30,30.585073
2015-07-31,30.635981
2015-08-03,30.500238
2015-08-04,30.474781
2015-08-05,30.457817
2015-08-06,30.211777
2015-08-07,29.86393
2015-08-10,30.322069
2015-08-11,29.974222
2015-08-12,29.762121
2015-08-13,29.974222
2015-08-14,30.025127
2015-08-17,30.228748
2015-08-18,30.10997
2015-08-19,30.169359
2015-08-20,29.643345
2015-08-21,28.913719
2015-08-24,28.744034
2015-08-25,28.803421
2015-08-26,29.159754
2015-08-27,29.566988
2015-08-28,28.98159
2015-08-31,28.98159
2015-09-01,28.311342
2015-09-02,28.268923
2015-09-03,28.3368
2015-09-04,28.30286
2015-09-08,28.413157
2015-09-09,28.116213
2015-09-10,28.243473
2015-09-11,28.523447
2015-09-14,28.218018
2015-09-15,28.455576
2015-09-16,28.676161
2015-09-17,28.489513
2015-09-18,28.141663
2015-09-21,28.06531
2015-09-22,27.31871
2015-09-23,26.852085
2015-09-24,26.953894
2015-09-25,26.894505
2015-09-28,27.132059
2015-09-29,27.429005
2015-09-30,27.955015
2015-10-01,28.184084
2015-10-02,28.268923
2015-10-05,28.370733
2015-10-06,28.447092
2015-10-07,27.615652
2015-10-08,28.209536
2015-10-09,27.878658
2015-10-12,27.997435
2015-10-13,28.150146
2015-10-14,28.014406
2015-10-15,28.472546
2015-10-16,28.998556
2015-10-19,28.803421
2015-10-20,28.42164
2015-10-21,28.022884
2015-10-22,28.430122
2015-10-23,28.803421
2015-10-26,28.481026
2015-10-27,28.362253
2015-10-28,28.752516
2015-10-29,28.811905
2015-10-30,28.769484
2015-11-02,28.60829
2015-11-03,28.752516
2015-11-04,28.625257
2015-11-05,28.896748
2015-11-06,28.489513
2015-11-09,28.251953
2015-11-10,28.073792
2015-11-11,28.014406
2015-11-12,28.251953
2015-11-13,28.107727
2015-11-16,28.234987
2015-11-17,28.234987
2015-11-18,28.3368
2015-11-19,28.362253
2015-11-20,28.3368
2015-11-23,28.15863
2015-11-24,27.912598
2015-11-25,28.15863
2015-11-27,28.413157
2015-11-30,28.413157
2015-12-01,28.531933
2015-12-02,28.871292
2015-12-03,28.752516
2015-12-04,29.227627
2015-12-07,29.083397
2015-12-08,28.998556
2015-12-09,28.744034
2015-12-10,28.761002
2015-12-11,28.61677
2015-12-14,28.455576
2015-12-15,28.718578
2015-12-16,29.295498
2015-12-17,28.710096
2015-12-18,28.582834
2015-12-21,28.659189
2015-12-22,28.922199
2015-12-23,29.278524
2015-12-24,29.346401
2015-12-28,29.516087
2015-12-29,29.745155
2015-12-30,29.762121
2015-12-31,29.244595
2016-01-04,28.99007
2016-01-05,29.015524
2016-01-06,28.565868
2016-01-07,28.506477
2016-01-08,27.802299
2016-01-11,27.793816
2016-01-12,28.150146
2016-01-13,27.5902
2016-01-14,27.912598
2016-01-15,27.081156
2016-01-19,27.437487
2016-01-20,27.157509
2016-01-21,27.064188
2016-01-22,27.827753
2016-01-25,27.717459
2016-01-26,27.759882
2016-01-27,27.870171
2016-01-28,27.038736
2016-01-29,27.505358
2016-02-01,27.547781
2016-02-02,26.90299
2016-02-03,27.60717
2016-02-04,27.208416
2016-02-05,26.886024
2016-02-08,26.512722
2016-02-09,26.419399
2016-02-10,26.623014
2016-02-11,26.419399
2016-02-12,26.529692
2016-02-16,26.81815
2016-02-17,26.894505
2016-02-18,27.36113
2016-02-19,27.429005
2016-02-22,27.624138
2016-02-23,27.276291
2016-02-24,27.505358
2016-02-25,27.700495
2016-02-26,27.708977
2016-02-29,27.191448
2016-03-01,27.658072
2016-03-02,28.185511
2016-03-03,27.87886
2016-03-04,27.589733
2016-03-07,27.57221
2016-03-08,27.528402
2016-03-09,27.221752
2016-03-10,27.169186
2016-03-11,27.379459
2016-03-14,27.432028
2016-03-15,27.230515
2016-03-16,27.335653
2016-03-17,27.01148
2016-03-18,26.39818
2016-03-21,26.617212
2016-03-22,26.634737
2016-03-23,26.608454
2016-03-24,26.389418
2016-03-28,26.363132
2016-03-29,26.932625
2016-03-30,26.845013
2016-03-31,26.83625
2016-04-01,26.599691
2016-04-04,26.96767
2016-04-05,26.809965
2016-04-06,27.843817
2016-04-07,27.773722
2016-04-08,27.791245
2016-04-11,27.677349
2016-04-12,28.036566
2016-04-13,27.835054
2016-04-14,28.019043
2016-04-15,27.940191
2016-04-18,28.343216
2016-04-19,28.956512
2016-04-20,28.579775
2016-04-21,28.422068
2016-04-22,28.343216
2016-04-25,28.036566
2016-04-26,27.843817
2016-04-27,28.080372
2016-04-28,27.791245
2016-04-29,27.659824
2016-05-02,27.905146
2016-05-03,27.589733
2016-05-04,27.160421
2016-05-05,26.897581
2016-05-06,26.512077
2016-05-09,27.08157
2016-05-10,27.467072
2016-05-11,27.405745
2016-05-12,27.51088
2016-05-13,27.265562
2016-05-16,27.51088
2016-05-17,27.204229
2016-05-18,27.204229
2016-05-19,26.923864
2016-05-20,27.318129
2016-05-23,27.484598
2016-05-24,27.68611
2016-05-25,28.010281
2016-05-26,28.141701
2016-05-27,29.087936
2016-05-31,28.807571
2016-06-01,29.04413
2016-06-02,28.938992
2016-06-03,28.974039
2016-06-06,29.263168
2016-06-07,29.499723
2016-06-08,29.403349
2016-06-09,29.245642
2016-06-10,28.457113
2016-06-13,27.747438
2016-06-14,27.458313
2016-06-15,27.405745
2016-06-16,27.423265
2016-06-17,27.668585
2016-06-20,27.940191
2016-06-21,28.036566
2016-06-22,27.81753
2016-06-23,28.351978
2016-06-24,26.958912
2016-06-27,27.160421
2016-06-28,27.721153
2016-06-29,28.325695
2016-06-30,28.8689
2016-07-01,28.790049
2016-07-05,28.185511
2016-07-06,28.378262
2016-07-07,28.334454
2016-07-08,28.351978
2016-07-11,28.55349
2016-07-12,28.299408
2016-07-13,28.308172
2016-07-14,28.387024
2016-07-15,28.474636
2016-07-18,28.255602
2016-07-19,27.852577
2016-07-20,28.124178
2016-07-21,27.651064
2016-07-22,27.764963
2016-07-25,27.616016
2016-07-26,27.738678
2016-07-27,27.694868
2016-07-28,27.537165
2016-07-29,28.115417
2016-08-01,28.00152
2016-08-02,28.062849
2016-08-03,27.545927
2016-08-04,27.756201
2016-08-05,28.054089
2016-08-08,27.502117
2016-08-09,27.782482
2016-08-10,27.852577
2016-08-11,28.054089
2016-08-12,27.966475
2016-08-15,28.019043
2016-08-16,27.896383
2016-08-17,27.887619
2016-08-18,28.010281
2016-08-19,27.81753
2016-08-22,27.975235
2016-08-23,27.922668
2016-08-24,27.335653
2016-08-25,27.151663
2016-08-26,26.976435
2016-08-29,27.116615
2016-08-30,27.1429
2016-08-31,26.766157
2016-09-01,26.625977
2016-09-02,27.107855
2016-09-06,27.449551
2016-09-07,27.423265
2016-09-08,27.370697
2016-09-09,26.766157
2016-09-12,27.055285
2016-09-13,26.731113
2016-09-14,26.739874
2016-09-15,26.880058
2016-09-16,26.809965
2016-09-19,27.01148
2016-09-20,27.300606
2016-09-21,27.528402
2016-09-22,27.642302
2016-09-23,27.633539
2016-09-26,27.318129
2016-09-27,27.502117
2016-09-28,27.659824
2016-09-29,27.169186
2016-09-30,27.134138
2016-10-03,27.125376
2016-10-04,26.897581
2016-10-05,27.01148
2016-10-06,26.757401
2016-10-07,26.713589
2016-10-10,26.774918
2016-10-11,26.441986
2016-10-12,26.09153
2016-10-13,26.030199
2016-10-14,26.012674
2016-10-17,25.714788
2016-10-18,25.811163
2016-10-19,25.802402
2016-10-20,25.60965
2016-10-21,25.653458
2016-10-24,25.35557
2016-10-25,25.075203
2016-10-26,24.847406
2016-10-27,25.276716
2016-10-28,25.250431
2016-10-31,25.127773
2016-11-01,25.110249
2016-11-02,24.952543
2016-11-03,24.75979
2016-11-04,24.672176
2016-11-07,25.145296
2016-11-08,25.197865
2016-11-09,26.555883
2016-11-10,26.240475
2016-11-11,25.942585
2016-11-14,25.513275
2016-11-15,25.451944
2016-11-16,25.311762
2016-11-17,25.416899
2016-11-18,25.119009
2016-11-21,25.057682
2016-11-22,24.32172
2016-11-23,24.023834
2016-11-25,24.549519
2016-11-28,24.426857
2016-11-29,24.365528
2016-11-30,24.32172
2016-12-01,23.918694
2016-12-02,23.831081
2016-12-05,24.242868
2016-12-06,24.330484
2016-12-07,24.041355
2016-12-08,23.725945
2016-12-09,24.409336
2016-12-12,24.286674
2016-12-13,24.847406
2016-12-14,24.645891
2016-12-15,24.610847
2016-12-16,24.856169
2016-12-19,24.75979
2016-12-20,24.777317
2016-12-21,24.707224
2016-12-22,24.689701
2016-12-23,24.689701
2016-12-27,24.803598
2016-12-28,24.628372
2016-12-29,24.882452
2016-12-30,24.996349
2017-01-03,25.35557
2017-01-04,25.60965
2017-01-05,26.21419
2017-01-06,26.09153
2017-01-09,26.301804
2017-01-10,26.275518
2017-01-11,25.828688
2017-01-12,25.767355
2017-01-13,25.951347
2017-01-17,25.819923
2017-01-18,25.723551
2017-01-19,25.373091
2017-01-20,25.574606
2017-01-23,25.583366
2017-01-24,25.460705
2017-01-25,25.767355
2017-01-26,25.854969
2017-01-27,26.003914
2017-01-30,25.837448
2017-01-31,26.249235
2017-02-01,26.363132
2017-02-02,25.898779
2017-02-03,26.074005
2017-02-06,26.109051
2017-02-07,26.249235
2017-02-08,26.240475
2017-02-09,26.293041
2017-02-10,26.284281
2017-02-13,26.126574
2017-02-14,26.012674
2017-02-15,26.424463
2017-02-16,26.731113
2017-02-17,26.748638
2017-02-21,26.880058
2017-02-22,26.818729
2017-02-23,26.757401
2017-02-24,26.809965
2017-02-27,26.573408
2017-02-28,26.65226
2017-03-01,26.766157
2017-03-02,28.404545
2017-03-03,28.404545
2017-03-06,28.308172
2017-03-07,28.141701
2017-03-08,27.94895
2017-03-09,27.913906
2017-03-10,28.071613
2017-03-13,28.387024
2017-03-14,28.369499
2017-03-15,28.37674
2017-03-16,28.566698
2017-03-17,28.69334
2017-03-20,28.602884
2017-03-21,28.412922
2017-03-22,28.539562
2017-03-23,28.702387
2017-03-24,28.865213
2017-03-27,29.163725
2017-03-28,28.973761
2017-03-29,29.073265
2017-03-30,29.163725
2017-03-31,28.973761
2017-04-03,29.046129
2017-04-04,29.082312
2017-04-05,28.964716
2017-04-06,28.973761
2017-04-07,28.874258
2017-04-10,28.648111
2017-04-11,29.009945
2017-04-12,29.154676
2017-04-13,28.874258
2017-04-17,29.055172
2017-04-18,28.711433
2017-04-19,28.765707
2017-04-20,28.720478
2017-04-21,28.584793
2017-04-24,28.955667
2017-04-25,29.317501
2017-04-26,29.127541
2017-04-27,29.616016
2017-04-28,29.579832
2017-05-01,29.715515
2017-05-02,30.023075
2017-05-03,30.267313
2017-05-04,30.665331
2017-05-05,30.954796
2017-05-08,30.520597
2017-05-09,30.574871
2017-05-10,30.004982
2017-05-11,30.104488
2017-05-12,30.529642
2017-05-15,30.656284
2017-05-16,31.099529
2017-05-17,30.77388
2017-05-18,30.574871
2017-05-19,31.027163
2017-05-22,31.144756
2017-05-23,31.027163
2017-05-24,30.954796
2017-05-25,31.090485
2017-05-26,30.719603
2017-05-30,30.891479
2017-05-31,31.099529
2017-06-01,30.918615
2017-06-02,31.090485
2017-06-05,29.498421
2017-06-06,29.154676
2017-06-07,29.028036
2017-06-08,28.856165
2017-06-09,28.955667
2017-06-12,29.281317
2017-06-13,29.299412
2017-06-14,29.154676
2017-06-15,29.154676
2017-06-16,29.679337
2017-06-19,29.742657
2017-06-20,29.326548
2017-06-21,29.489372
2017-06-22,29.217999
2017-06-23,29.634104
2017-06-26,29.371778
2017-06-27,29.471283
2017-06-28,29.652197
2017-06-29,28.7838
2017-06-30,28.765707
2017-07-03,28.883303
2017-07-05,28.729525
2017-07-06,28.349602
2017-07-07,28.37674
2017-07-10,28.268188
2017-07-11,28.005857
2017-07-12,28.50338
2017-07-13,28.557653
2017-07-14,28.892349
2017-07-17,28.892349
2017-07-18,28.810938
2017-07-19,28.91044
2017-07-20,29.127541
2017-07-21,29.190861
2017-07-24,29.082312
2017-07-25,28.765707
2017-07-26,28.639067
2017-07-27,28.593836
2017-07-28,28.304371
2017-07-31,28.675249
2017-08-01,28.792843
2017-08-02,28.810938
2017-08-03,28.810938
2017-08-04,28.874258
2017-08-07,28.829029
2017-08-08,28.566698
2017-08-09,28.810938
2017-08-10,28.458149
2017-08-11,28.47624
2017-08-14,28.47624
2017-08-15,28.521471
2017-08-16,28.530516
2017-08-17,28.530516
2017-08-18,28.250095
2017-08-21,28.204866
2017-08-22,28.458149
2017-08-23,28.412922
2017-08-24,28.394827
2017-08-25,28.584793
2017-08-28,28.63002
2017-08-29,28.756662
2017-08-30,28.385782
2017-08-31,28.720478
2017-09-01,28.666204
2017-09-05,28.63002
2017-09-06,28.774754
2017-09-07,29.046129
2017-09-08,28.485287
2017-09-11,28.50338
2017-09-12,28.539562
2017-09-13,28.485287
2017-09-14,28.584793
2017-09-15,28.69334
2017-09-18,28.557653
2017-09-19,28.729525
2017-09-20,28.901398
2017-09-21,28.982809
2017-09-22,28.964716
2017-09-25,28.946625
2017-09-26,28.720478
2017-09-27,28.684294
2017-09-28,28.792843
2017-09-29,28.946625
2017-10-02,29.037081
2017-10-03,29.0009
2017-10-04,28.937578
2017-10-05,28.69334
2017-10-06,28.702387
2017-10-09,28.485287
2017-10-10,28.611929
2017-10-11,28.548609
2017-10-12,28.431013
2017-10-13,28.412922
2017-10-16,28.204866
2017-10-17,28.449104
2017-10-18,28.051088
2017-10-19,27.517384
2017-10-20,26.893223
2017-10-23,26.875132
2017-10-24,26.612803
2017-10-25,26.169556
2017-10-26,25.934364
2017-10-27,25.889137
2017-10-30,26.0791
2017-10-31,26.160513
2017-11-01,26.097191
2017-11-02,26.296198
2017-11-03,26.323336
2017-11-06,26.431885
2017-11-07,26.187651
2017-11-08,26.0791
2017-11-09,26.088144
2017-11-10,25.952459
2017-11-13,25.889137
2017-11-14,26.097191
2017-11-15,25.988642
2017-11-16,26.14242
2017-11-17,26.323336
2017-11-20,27.879217
2017-11-21,28.105362
2017-11-22,28.639067
2017-11-24,28.584793
2017-11-27,28.449104
2017-11-28,28.69334
2017-11-29,28.421967
2017-11-30,28.566698
2017-12-01,28.865213
2017-12-04,28.313416
2017-12-05,27.987768
2017-12-06,28.340555
2017-12-07,27.589752
2017-12-08,27.336468
2017-12-11,27.372652
2017-12-12,27.445017
2017-12-13,27.589752
2017-12-14,27.707346
2017-12-15,27.951586
2017-12-18,28.259142
2017-12-19,28.014904
2017-12-20,27.870171
2017-12-21,28.096317
2017-12-22,28.159636
2017-12-26,28.096317
2017-12-27,28.295326
2017-12-28,28.539562
2017-12-29,28.566698
2018-01-02,28.729525
2018-01-03,29.100403
2018-01-04,29.263227
2018-01-05,29.290365
2018-01-08,28.982809
2018-01-09,28.792843
2018-01-10,28.593836
2018-01-11,28.37674
2018-01-12,28.747618
2018-01-16,27.752577
2018-01-17,27.544523
2018-01-18,27.598797
2018-01-19,27.761621
2018-01-22,27.852081
2018-01-23,27.734484
2018-01-24,28.060135
2018-01-25,27.80685
2018-01-26,27.942537
2018-01-29,27.74353
2018-01-30,28.051088
2018-01-31,28.04204
2018-02-01,27.282192
2018-02-02,27.137461
2018-02-05,26.413795
2018-02-06,26.621849
2018-02-07,26.260015
2018-02-08,26.232878
2018-02-09,26.214787
2018-02-12,26.431885
2018-02-13,26.468071
2018-02-14,27.191736
2018-02-15,27.508339
2018-02-16,27.408833
2018-02-20,26.929407
2018-02-21,26.79372
2018-02-22,27.001772
2018-02-23,26.911316
2018-02-26,27.02891
2018-02-27,26.730398
2018-02-28,26.151466
2018-03-01,25.952459
2018-03-02,26.42284
2018-03-05,27.056047
2018-03-06,27.101276
2018-03-07,27.24601
2018-03-08,27.164598
2018-03-09,27.200781
2018-03-12,27.390745
2018-03-13,27.381697
2018-03-14,27.454065
2018-03-15,27.325418
2018-03-16,27.081274
2018-03-19,27.081274
2018-03-20,26.931032
2018-03-21,26.987371
2018-03-22,26.611765
2018-03-23,26.536644
2018-03-26,26.846519
2018-03-27,26.724447
2018-03-28,27.043713
2018-03-29,26.884079
2018-04-02,26.574203
2018-04-03,26.36762
2018-04-04,26.405182
2018-04-05,26.592985
2018-04-06,26.339449
2018-04-09,26.621157
2018-04-10,26.686886
2018-04-11,26.705667
2018-04-12,26.649324
2018-04-13,26.480303
2018-04-16,26.480303
2018-04-17,26.386402
2018-04-18,26.311279
2018-04-19,26.170427
2018-04-20,26.048355
2018-04-23,26.179817
2018-04-24,26.217379
2018-04-25,26.132866
2018-04-26,25.888721
2018-04-27,25.992014
2018-04-30,26.104694
2018-05-01,25.954453
2018-05-02,26.179817
2018-05-03,26.555426
2018-05-04,26.508472
2018-05-07,26.583593
2018-05-08,26.358231
2018-05-09,26.37701
2018-05-10,25.945063
2018-05-11,26.029573
2018-05-14,26.348841
2018-05-15,26.480303
2018-05-16,26.592985
2018-05-17,26.245548
2018-05-18,26.226768
2018-05-21,26.705667
2018-05-22,26.423962
2018-05-23,25.860552
2018-05-24,25.935673
2018-05-25,25.719698
2018-05-29,25.541286
2018-05-30,25.484943
2018-05-31,25.175068
2018-06-01,25.710308
2018-06-04,25.353481
2018-06-05,25.024826
2018-06-06,24.987267
2018-06-07,24.977875
2018-06-08,24.780682
2018-06-11,24.959095
2018-06-12,24.902754
2018-06-13,24.893364
2018-06-14,24.827633
2018-06-15,25.015434
2018-06-18,24.780682
2018-06-19,24.912144
2018-06-20,25.437994
2018-06-21,25.437994
2018-06-22,26.076527
2018-06-25,25.757259
2018-06-26,25.794819
2018-06-27,25.672749
2018-06-28,25.588236
2018-06-29,25.945063
2018-07-02,25.907503
2018-07-03,26.114086
2018-07-05,26.405182
2018-07-06,26.592985
2018-07-09,26.470913
2018-07-10,26.546034
2018-07-11,26.330061
2018-07-12,26.968592
2018-07-13,27.278467
2018-07-16,27.316029
2018-07-17,27.287857
2018-07-18,27.456881
2018-07-19,27.147005
2018-07-20,27.672853
2018-07-23,27.597733
2018-07-24,27.654076
2018-07-25,28.43346
2018-07-26,28.489801
2018-07-27,28.733946
2018-07-30,28.790287
2018-07-31,28.799677
2018-08-01,28.705776
2018-08-02,29.165894
2018-08-03,29.025042
2018-08-06,28.743338
2018-08-07,28.893579
2018-08-08,28.593094
2018-08-09,28.45224
2018-08-10,28.198706
2018-08-13,28.076632
2018-08-14,28.367729
2018-08-15,28.114193
2018-08-16,28.123585
2018-08-17,28.283216
2018-08-20,28.677607
2018-08-21,28.978092
2018-08-22,28.790287
2018-08-23,28.658825
2018-08-24,28.715166
2018-08-27,28.978092
2018-08-28,29.043823
2018-08-29,29.287968
2018-08-30,29.231625
2018-08-31,29.071991
2018-09-04,29.015652
2018-09-05,28.640045
2018-09-06,28.611874
2018-09-07,28.799677
2018-09-10,28.818459
2018-09-11,28.640045
2018-09-12,28.959311
2018-09-13,29.062603
2018-09-14,28.8748
2018-09-17,28.809069
2018-09-18,28.799677
2018-09-19,28.686995
2018-09-20,28.733946
2018-09-21,28.752728
2018-09-24,28.330168
2018-09-25,28.686995
2018-09-26,28.677607
2018-09-27,28.46163
2018-09-28,28.320776
2018-10-01,28.536753
2018-10-02,28.649435
2018-10-03,28.762115
2018-10-04,28.762115
2018-10-05,28.9687
2018-10-08,28.902969
2018-10-09,28.837236
2018-10-10,28.649435
2018-10-11,27.823097
2018-10-12,27.88883
2018-10-15,27.870049
2018-10-16,28.856018
2018-10-17,27.982729
2018-10-18,28.020292
2018-10-19,28.733946
2018-10-22,28.837236
2018-10-23,28.921749
2018-10-24,27.597733
2018-10-25,27.419321
2018-10-26,27.532001
2018-10-29,27.306639
2018-10-30,28.076632
2018-10-31,28.508583
2018-11-01,28.733946
2018-11-02,28.001511
2018-11-05,28.621264
2018-11-06,28.621264
2018-11-07,29.015652
2018-11-08,29.109552
2018-11-09,29.391258
2018-11-12,29.015652
2018-11-13,29.203455
2018-11-14,28.987482
2018-11-15,29.118944
2018-11-16,29.485159
2018-11-19,29.090773
2018-11-20,29.062603
2018-11-21,29.128334
2018-11-23,29.156504
2018-11-26,29.522722
2018-11-27,29.456991
2018-11-28,30.020399
2018-11-29,29.907719
2018-11-30,30.452349
2018-12-03,30.527468
2018-12-04,30.011009
2018-12-06,29.738695
2018-12-07,29.579062
2018-12-10,29.607233
2018-12-11,29.672964
2018-12-12,30.292713
2018-12-13,29.954668
2018-12-14,29.194065
2018-12-17,29.156504
2018-12-18,29.043823
2018-12-19,28.395899
2018-12-20,28.752728
2018-12-21,28.358337
2018-12-24,28.132973
2018-12-26,28.780897
2018-12-27,28.236265
2018-12-28,28.959311
2018-12-31,29.184675
2019-01-02,28.912361
2019-01-03,29.560282
2019-01-04,29.860767
2019-01-07,29.597843
2019-01-08,30.377226
2019-01-09,30.405397
2019-01-10,30.61198
2019-01-11,30.433567
2019-01-14,30.358448
2019-01-15,30.50869
2019-01-16,30.461737
2019-01-17,30.442957
2019-01-18,30.621372
2019-01-22,30.245764
2019-01-23,30.499298
2019-01-24,30.114302
2019-01-25,30.104914
2019-01-28,30.170645
2019-01-29,30.302105
2019-01-30,30.311495
2019-01-31,31.269291
2019-02-01,30.996977
2019-02-04,31.372583
2019-02-05,31.438316
2019-02-06,31.419537
2019-02-07,31.184782
2019-02-08,31.701241
2019-02-11,31.597952
2019-02-12,31.804533
2019-02-13,31.541609
2019-02-14,31.691851
2019-02-15,31.945385
2019-02-19,32.25526
2019-02-20,32.508797
2019-02-21,32.452457
2019-02-22,32.612091
2019-02-25,32.490013
2019-02-26,32.687214
2019-02-27,32.677818
2019-02-28,32.536968
2019-03-01,32.677818
2019-03-04,32.66843
2019-03-05,32.715382
2019-03-06,32.696598
2019-03-07,32.477501
2019-03-08,32.593834
2019-03-11,32.584141
2019-03-12,32.525974
2019-03-13,32.710175
2019-03-14,33.165829
2019-03-15,32.894375
2019-03-18,32.826511
2019-03-19,32.671394
2019-03-20,33.049492
2019-03-21,33.078575
2019-03-22,32.729561
2019-03-25,32.797428
2019-03-26,33.233692
2019-03-27,33.156136
2019-03-28,33.059185
2019-03-29,33.340332
2019-04-01,33.408195
2019-04-02,33.505146
2019-04-03,33.330639
2019-04-04,33.233692
2019-04-05,33.175526
2019-04-08,33.272472
2019-04-09,33.136745
2019-04-10,33.175526
2019-04-11,32.884678
2019-04-12,32.080013
2019-04-15,32.516281
2019-04-16,32.05093
2019-04-17,31.721308
2019-04-18,31.692221
2019-04-22,31.488632
2019-04-23,31.886118
2019-04-24,31.769781
2019-04-25,31.459549
2019-04-26,31.663137
2019-04-29,31.653444
2019-04-30,32.05093
2019-05-01,32.041233
2019-05-02,31.905508
2019-05-03,32.21574
2019-05-06,32.002453
2019-05-07,31.488632
2019-05-08,31.604969
2019-05-09,31.149317
2019-05-10,31.081453
2019-05-13,31.013588
2019-05-14,31.052366
2019-05-15,31.062063
2019-05-16,31.614664
2019-05-17,31.837645
2019-05-20,32.099403
2019-05-21,32.041233
2019-05-22,32.487194
2019-05-23,32.719868
2019-05-24,32.962238
2019-05-28,32.225437
2019-05-29,32.05093
2019-05-30,32.041233
2019-05-31,31.876425
2019-06-03,32.19635
2019-06-04,32.167267
2019-06-05,32.25452
2019-06-06,32.768341
2019-06-07,33.194916
2019-06-10,33.175526
2019-06-11,33.059185
2019-06-12,33.582703
2019-06-13,33.660263
2019-06-14,33.495449
2019-06-17,33.388805
2019-06-18,33.7766
2019-06-19,34.154694
2019-06-20,34.668518
2019-06-21,34.513401
2019-06-24,34.309811
2019-06-25,34.115913
2019-06-26,33.902634
2019-06-27,33.883244
2019-06-28,34.028664
2019-07-01,34.261337
2019-07-02,34.445538
2019-07-03,34.532791
2019-07-05,33.951107
2019-07-08,33.640873
2019-07-09,33.640873
2019-07-10,33.679653
2019-07-11,33.107662
2019-07-12,32.322384
2019-07-15,32.525974
2019-07-16,32.632614
2019-07-17,33.127048
2019-07-18,33.417892
2019-07-19,32.613224
2019-07-22,32.661697
2019-07-23,32.894375
2019-07-24,32.884678
2019-07-25,32.25452
2019-07-26,32.826511
2019-07-29,32.865292
2019-07-30,32.458111
2019-07-31,32.525974
2019-08-01,32.710175
2019-08-02,33.010712
2019-08-05,32.661697
2019-08-06,32.855595
2019-08-07,32.845901
2019-08-08,33.543922
2019-08-09,33.844463
2019-08-12,33.825073
2019-08-13,34.154694
2019-08-14,33.427586
2019-08-15,33.505146
2019-08-16,33.640873
2019-08-19,33.873547
2019-08-20,33.650566
2019-08-21,33.71843
2019-08-22,33.505146
2019-08-23,33.359722
2019-08-26,33.417892
2019-08-27,33.408195
2019-08-28,33.262779
2019-08-29,33.194916
2019-08-30,33.136745
2019-09-03,33.282169
2019-09-04,33.534229
2019-09-05,33.223999
2019-09-06,33.524536
2019-09-09,33.262779
2019-09-10,33.253082
2019-09-11,32.894375
2019-09-12,32.874985
2019-09-13,33.437283
2019-09-16,33.388805
2019-09-17,34.10622
2019-09-18,34.212864
2019-09-19,34.552181
2019-09-20,34.620045
2019-09-23,34.629742
2019-09-24,34.561878
2019-09-25,34.484318
2019-09-26,35.133869
2019-09-27,35.347153
2019-09-30,35.33746
2019-10-01,35.104782
2019-10-02,34.27103
2019-10-03,34.27103
2019-10-04,35.066002
2019-10-07,35.259899
2019-10-08,34.872108
2019-10-09,35.007835
2019-10-10,34.891499
2019-10-11,35.221123
2019-10-14,34.920582
2019-10-15,35.104782
2019-10-16,34.649132
2019-10-17,35.444103
2019-10-18,35.68647
2019-10-21,35.608913
2019-10-22,35.153255
2019-10-23,35.366543
2019-10-24,35.57983
2019-10-25,35.87067
2019-10-28,35.89006
2019-10-29,35.822197
2019-10-30,36.355412
2019-10-31,36.471745
2019-11-01,36.549305
2019-11-04,36.442661
2019-11-05,35.87067
2019-11-06,35.977314
2019-11-07,36.025787
2019-11-08,36.248768
2019-11-11,36.413578
2019-11-12,36.345718
2019-11-13,36.452354
2019-11-14,36.200294
2019-11-15,36.384495
2019-11-18,36.869232
2019-11-19,37.130993
2019-11-20,37.004959
2019-11-21,37.063129
2019-11-22,36.908012
2019-11-25,37.305496
2019-11-26,37.59634
2019-11-27,37.37336
2019-11-29,37.39275
2019-12-02,37.247326
2019-12-03,37.024349
2019-12-04,37.344276
2019-12-05,37.257023
2019-12-06,37.39275
2019-12-09,37.22794
2019-12-10,37.22794
2019-12-11,37.315193
2019-12-12,37.266716
2019-12-13,36.995266
2019-12-16,37.43153
2019-12-17,37.47031
2019-12-18,37.741764
2019-12-19,38.178028
2019-12-20,38.662769
2019-12-23,39.11842
2019-12-24,39.108727
2019-12-26,39.128117
2019-12-27,39.39957
2019-12-30,39.48682
2019-12-31,39.418961
2020-01-02,39.641937
2020-01-03,39.409267
2020-01-06,39.767971
2020-01-07,39.457737
2020-01-08,39.593464
2020-01-09,39.612854
2020-01-10,39.777664
2020-01-13,39.913391
2020-01-14,39.923088
2020-01-15,40.272099
2020-01-16,40.475689
2020-01-17,41.125237
2020-01-21,41.154324
2020-01-22,41.280357
2020-01-23,41.096153
2020-01-24,39.942478
2020-01-27,39.719498
2020-01-28,39.932781
2020-01-29,40.204239
2020-01-30,41.21249
2020-01-31,40.524162
2020-02-03,40.592026
2020-02-04,41.096153
2020-02-05,42.230446
2020-02-06,42.104412
2020-02-07,41.997768
2020-02-10,42.104412
2020-02-11,42.085022
2020-02-12,42.065632
2020-02-13,42.346783
2020-02-14,42.065632
2020-02-18,42.75396
2020-02-19,43.364731
2020-02-20,42.521286
2020-02-21,42.686096
2020-02-24,41.241577
2020-02-25,40.475689
2020-02-26,40.863483
2020-02-27,39.535294
2020-02-28,38.672462
2020-03-02,39.942478
2020-03-03,40.320572
2020-03-04,42.308002
2020-03-05,41.774788
2020-03-06,40.747143
2020-03-09,38.371925
2020-03-10,39.661327
2020-03-11,37.974434
2020-03-12,34.571571
2020-03-13,39.069946
2020-03-16,36.200294
2020-03-17,38.090775
2020-03-18,36.558998
2020-03-19,38.950001
2020-03-20,36.09
2020-03-23,35.259998
2020-03-24,37.169998
2020-03-25,37.290001
2020-03-26,38.779999
2020-03-27,38.970001
2020-03-30,40.880001
2020-03-31,40.57
2020-04-01,40.799999
2020-04-02,41.650002
2020-04-03,41.119999
2020-04-06,41.650002
2020-04-07,40.02
2020-04-08,40.349998
2020-04-09,39.75
2020-04-13,39.389999
2020-04-14,40.799999
2020-04-15,40.09
2020-04-16,41.790001
2020-04-17,42.630001
2020-04-20,43.209999
2020-04-21,43.349998
2020-04-22,44.639999
2020-04-23,44.18
2020-04-24,45.060001
2020-04-27,44.889999
2020-04-28,45.279999
2020-04-29,43.779999
2020-04-30,43.470001
2020-05-01,42.84
2020-05-04,44.25
2020-05-05,43.709999
2020-05-06,44.360001
2020-05-07,43.73
2020-05-08,44.040001
2020-05-11,44.580002
2020-05-12,44.52
2020-05-13,44.860001
2020-05-14,45.080002
2020-05-15,45.610001
2020-05-18,45.130001
2020-05-19,44.470001
2020-05-20,44.93
2020-05-21,44.32
2020-05-22,44.700001
2020-05-26,44.130001
2020-05-27,43.09
2020-05-28,43.950001
2020-05-29,43.349998
2020-06-01,43.43
2020-06-02,43.799999
2020-06-03,43.939999
2020-06-04,43.299999
2020-06-05,42.950001
2020-06-08,42.869999
2020-06-09,43.610001
2020-06-10,43.830002
2020-06-11,42.540001
2020-06-12,42.790001
2020-06-15,43.259998
2020-06-16,43.599998
2020-06-17,44.790001
2020-06-18,44.380001
2020-06-19,44.950001
2020-06-22,44.889999
2020-06-23,44.830002
2020-06-24,43.540001
2020-06-25,44.720001
2020-06-26,43.900002
2020-06-29,43.700001
2020-06-30,43.380001
2020-07-01,44.029999
2020-07-02,43.790001
2020-07-06,43.889999
2020-07-07,43.610001
2020-07-08,44.119999
2020-07-09,44.5
2020-07-10,44.23
2020-07-13,44.189999
2020-07-14,44.48
2020-07-15,44.73
2020-07-16,44.93
2020-07-17,45.48
2020-07-20,45.400002
2020-07-21,45.279999
2020-07-22,46.450001
2020-07-23,44.029999
2020-07-24,42.950001
2020-07-27,43.779999
2020-07-28,44.48
2020-07-29,44.75
2020-07-30,44.389999
2020-07-31,43.099998
2020-08-03,44.16
2020-08-04,43.830002
2020-08-05,43.400002
2020-08-06,43.43
2020-08-07,43.009998
2020-08-10,42.799999
2020-08-11,42.169998
2020-08-12,43.369999
2020-08-13,43.209999
2020-08-14,42.549999
2020-08-17,43.34
2020-08-18,43.560001
2020-08-19,43.82
2020-08-20,44.490002
2020-08-21,43.880001
2020-08-24,43.939999
2020-08-25,43.799999
2020-08-26,44.41
2020-08-27,43.529999
2020-08-28,43.419998
2020-08-31,43.700001
2020-09-01,44.5
2020-09-02,45.130001
2020-09-03,43.810001
2020-09-04,43.779999
2020-09-08,43.880001
2020-09-09,44.900002
2020-09-10,44.549999
2020-09-11,45.240002
2020-09-14,45.189999
2020-09-15,46.040001
2020-09-16,46.009998
2020-09-17,46.360001
2020-09-18,46.84
2020-09-21,46.299999
2020-09-22,46.310001
2020-09-23,44.860001
2020-09-24,44.700001
2020-09-25,44.82
2020-09-28,44.110001
2020-09-29,43.369999
2020-09-30,42.810001
2020-10-01,42.790001
2020-10-02,43.23
2020-10-05,43.580002
2020-10-06,42.93
2020-10-07,42.68
2020-10-08,42.970001
2020-10-09,44.029999
2020-10-12,43.900002
2020-10-13,43.689999
2020-10-14,43.419998
2020-10-15,42.150002
2020-10-16,42.5
2020-10-19,42.360001
2020-10-20,42.110001
2020-10-21,41.080002
2020-10-22,40.950001
2020-10-23,41.029999
2020-10-26,41.23
2020-10-27,41.209999
2020-10-28,40.09
2020-10-29,40.200001
2020-10-30,39.990002
2020-11-02,41.139999
2020-11-03,41.880001
2020-11-04,44.200001
2020-11-05,44.25
2020-11-06,44.139999
2020-11-09,42.02
2020-11-10,41.459999
2020-11-11,42.560001
2020-11-12,42.650002
2020-11-13,42.950001
2020-11-16,42.560001
2020-11-17,42.16
2020-11-18,41.919998
2020-11-19,41.919998
2020-11-20,41.68
2020-11-23,41.23
2020-11-24,40.98
2020-11-25,41.299999
2020-11-27,41.73
2020-11-30,40.82
2020-12-01,41.73
2020-12-02,42.169998
2020-12-03,41.759998
2020-12-04,42.68
2020-12-07,42.75
2020-12-08,42.84
2020-12-09,43.310001
2020-12-10,43.18
2020-12-11,43.209999
2020-12-14,42.68
2020-12-15,43.009998
2020-12-16,43.509998
2020-12-17,43.66
2020-12-18,43.970001
2020-12-21,43.189999
2020-12-22,42.830002
2020-12-23,42.490002
2020-12-24,42.549999
2020-12-28,43.040001
2020-12-29,43.310001
2020-12-30,43.84
2020-12-31,43.84
2021-01-04,43.880001
2021-01-05,43.77
2021-01-06,43.009998
2021-01-07,42.25
2021-01-08,42.639999
2021-01-11,43.830002
2021-01-12,44.130001
2021-01-13,44.02
2021-01-14,43.950001
2021-01-15,44.560001
2021-01-19,44.98
2021-01-20,45.189999
2021-01-21,44.959999
2021-01-22,45.18
2021-01-25,45.700001
2021-01-26,45.700001
2021-01-27,44.470001
2021-01-28,44.57
2021-01-29,43.41
2021-02-01,43.5
2021-02-02,43.380001
2021-02-03,43.25
2021-02-04,43.700001
2021-02-05,42.959999
2021-02-08,42.82
2021-02-09,43.849998
2021-02-10,43.66
2021-02-11,43.709999
2021-02-12,43.73
2021-02-16,43.470001
2021-02-17,42.75
2021-02-18,42.84
2021-02-19,42.169998
2021-02-22,42.009998
2021-02-23,41.450001
